	userid	text	dt	answer
0	639414	POT BROWNIES	2017-08-15T21:41:10.0000000	loved
1	639414	BAD WIFI	2017-08-15T21:41:10.0000000	hated
2	639414	MONOPOLY	2017-08-15T21:41:10.0000000	liked
3	633222	being passionate about one thing	2017-08-15T21:40:56.0000000	liked
4	633222	greek mythology	2017-08-15T21:40:56.0000000	liked
5	633222	parallel parking	2017-08-15T21:40:56.0000000	liked
6	633222	when people quote movies	2017-08-15T21:40:56.0000000	loved
7	633222	Arnold Schwarzenegger	2017-08-15T21:40:56.0000000	liked
8	633222	APPLE AIRPODS	2017-08-15T21:40:56.0000000	liked
9	633222	traffic	2017-08-15T21:40:56.0000000	hated
10	633222	birth control pills	2017-08-15T21:40:56.0000000	liked
11	633222	THE STANKY LEG	2017-08-15T21:40:56.0000000	skipped
12	633222	webMD	2017-08-15T21:40:56.0000000	liked
13	633222	daylight saving time	2017-08-15T21:40:56.0000000	skipped
14	633222	TOURISTY THINGS	2017-08-15T21:40:56.0000000	disliked
15	633222	LONG HAIR ON GUYS	2017-08-15T21:40:56.0000000	liked
16	633222	riding bikes	2017-08-15T21:40:56.0000000	liked
17	633222	the real world	2017-08-15T21:40:56.0000000	skipped
18	633222	self-help books	2017-08-15T21:40:56.0000000	disliked
19	633222	macs	2017-08-15T21:40:56.0000000	liked
20	633222	playing h.o.r.s.e.	2017-08-15T21:40:56.0000000	disliked
21	633222	CATS	2017-08-15T21:40:56.0000000	hated
22	640892	armpit hair	2017-08-15T21:40:48.0000000	hated
23	640892	OVER-THE-TOP MARRIAGE PROPOSALS	2017-08-15T21:40:48.0000000	liked
24	640892	SECRET HANDSHAKES	2017-08-15T21:40:48.0000000	loved
25	640892	football	2017-08-15T21:40:48.0000000	liked
26	640892	GETTING A FOOT CRAMP	2017-08-15T21:40:48.0000000	hated
27	640892	scuba diving	2017-08-15T21:40:48.0000000	liked
28	640892	capris	2017-08-15T21:40:48.0000000	liked
29	640892	EMMA STONE	2017-08-15T21:40:48.0000000	liked
30	640892	GOING TO THE GYM	2017-08-15T21:40:48.0000000	liked
31	640892	SEAN SPICER	2017-08-15T21:40:48.0000000	disliked
32	640892	drum circles	2017-08-15T21:40:48.0000000	disliked
33	640892	investment bankers	2017-08-15T21:40:48.0000000	disliked
34	640892	wet dreams	2017-08-15T21:40:48.0000000	disliked
35	640892	using webmd to figure out what's wrong with me	2017-08-15T21:40:48.0000000	hated
36	640892	listerine	2017-08-15T21:40:48.0000000	liked
37	640892	THE ENDING OF LOST	2017-08-15T21:40:48.0000000	disliked
38	640892	PEOPLE WITH NO SHAME	2017-08-15T21:40:48.0000000	liked
39	640892	the idea of self-driving cars	2017-08-15T21:40:48.0000000	liked
40	640892	#nofilter	2017-08-15T21:40:48.0000000	hated
41	640892	rosie o'donnell	2017-08-15T21:40:48.0000000	disliked
42	640892	"""how was your day?"""	2017-08-15T21:40:48.0000000	liked
43	640892	street preachers	2017-08-15T21:40:48.0000000	disliked
44	640892	anti-vaxxers	2017-08-15T21:40:48.0000000	disliked
45	640892	sunbathing	2017-08-15T21:40:48.0000000	disliked
46	640892	PUBLIC SPEAKING	2017-08-15T21:40:48.0000000	disliked
47	640892	BARBECUING	2017-08-15T21:40:48.0000000	loved
48	640892	full sleeve tattoos	2017-08-15T21:40:48.0000000	liked
49	640892	boneless wings	2017-08-15T21:40:48.0000000	loved
50	640892	"""boys night"""	2017-08-15T21:40:48.0000000	liked
51	640892	JUMPING ROPE	2017-08-15T21:40:48.0000000	liked
52	640892	steve harvey	2017-08-15T21:40:48.0000000	liked
53	640892	winking	2017-08-15T21:40:48.0000000	liked
54	640892	WEIRD HAIRCUTS	2017-08-15T21:40:48.0000000	disliked
55	640892	jokes	2017-08-15T21:40:48.0000000	loved
56	640892	watery salsa	2017-08-15T21:40:48.0000000	disliked
57	640892	DRINKING WATER	2017-08-15T21:40:48.0000000	loved
58	640892	san francisco	2017-08-15T21:40:48.0000000	liked
59	640892	MISPLACING MY KEYS	2017-08-15T21:40:48.0000000	hated
60	640892	piercings	2017-08-15T21:40:48.0000000	disliked
61	640892	TODAY	2017-08-15T21:40:48.0000000	loved
62	640876	TITTY TWISTERS	2017-08-15T21:40:42.0000000	skipped
63	640876	BOXING	2017-08-15T21:40:42.0000000	skipped
64	640876	mimes	2017-08-15T21:40:42.0000000	skipped
65	640876	oatmeal	2017-08-15T21:40:42.0000000	skipped
66	640876	being scared	2017-08-15T21:40:42.0000000	skipped
67	640876	going to classes	2017-08-15T21:40:42.0000000	skipped
68	640876	the undercut haircut	2017-08-15T21:40:42.0000000	skipped
69	640876	USING ALL YOUR MONEY ON FOOD	2017-08-15T21:40:42.0000000	skipped
70	640876	CHIA SEEDS	2017-08-15T21:40:42.0000000	skipped
71	640876	SYLLABUS WEEK	2017-08-15T21:40:42.0000000	skipped
72	640876	bassnectar	2017-08-15T21:40:42.0000000	skipped
73	640876	morning workouts	2017-08-15T21:40:42.0000000	skipped
74	640876	unlimited chips and salsa	2017-08-15T21:40:42.0000000	skipped
75	640876	hand sanitizer	2017-08-15T21:40:42.0000000	skipped
76	640876	shopping on ebay	2017-08-15T21:40:42.0000000	skipped
77	640876	BURNING MAN	2017-08-15T21:40:42.0000000	skipped
78	640876	picking scabs	2017-08-15T21:40:42.0000000	skipped
79	640876	anyone but obama as president	2017-08-15T21:40:42.0000000	skipped
80	640876	clap on clap off lights	2017-08-15T21:40:42.0000000	skipped
81	640876	PDA	2017-08-15T21:40:42.0000000	skipped
82	640876	ANCHOVY PIZZA	2017-08-15T21:40:42.0000000	skipped
83	640876	bingo	2017-08-15T21:40:42.0000000	skipped
84	640876	stella artois	2017-08-15T21:40:42.0000000	skipped
85	640876	two girls one cup	2017-08-15T21:40:42.0000000	skipped
86	640876	staying out late at bars	2017-08-15T21:40:42.0000000	skipped
87	640876	wearing my heart on my sleeve	2017-08-15T21:40:42.0000000	skipped
88	640876	THEMED PARTIES	2017-08-15T21:40:42.0000000	skipped
89	640876	sleep masks	2017-08-15T21:40:42.0000000	skipped
90	640876	glasses	2017-08-15T21:40:42.0000000	skipped
91	640876	PLAYFUL ASS SLAPPING	2017-08-15T21:40:42.0000000	skipped
92	640876	MULLETS	2017-08-15T21:40:42.0000000	skipped
93	640876	swearing	2017-08-15T21:40:42.0000000	skipped
94	640876	WHEN NAUGHTY THOUGHTS POP INTO MY HEAD	2017-08-15T21:40:42.0000000	skipped
95	640876	KITTY LITTER SMELL	2017-08-15T21:40:42.0000000	skipped
96	640876	deflategate	2017-08-15T21:40:42.0000000	skipped
97	640876	flag burning	2017-08-15T21:40:42.0000000	skipped
98	640876	cooking	2017-08-15T21:40:42.0000000	skipped
99	640876	swimming with fish	2017-08-15T21:40:42.0000000	skipped
100	640876	anyone hotter than me	2017-08-15T21:40:42.0000000	skipped
101	640876	CHESS	2017-08-15T21:40:42.0000000	skipped
102	639577	hamburgers	2017-08-15T21:40:32.0000000	liked
103	639577	pottery	2017-08-15T21:40:32.0000000	liked
104	639577	ANDY SAMBERG	2017-08-15T21:40:32.0000000	disliked
105	639577	SPIDERS	2017-08-15T21:40:32.0000000	liked
106	639577	being a girl	2017-08-15T21:40:32.0000000	disliked
107	639577	Bill Clinton	2017-08-15T21:40:32.0000000	loved
108	639577	the end piece of a loaf of bread	2017-08-15T21:40:32.0000000	hated
109	639577	PEOPLE WHO THINK DRUGS ARE AWESOME	2017-08-15T21:40:32.0000000	disliked
110	639577	greasy food	2017-08-15T21:40:32.0000000	liked
111	639577	friendsgiving	2017-08-15T21:40:32.0000000	liked
112	639577	saying cheese during a picture	2017-08-15T21:40:32.0000000	disliked
113	639577	attending religious services	2017-08-15T21:40:32.0000000	hated
114	639577	income inequality	2017-08-15T21:40:32.0000000	hated
115	601894	all-inclusive resorts	2017-08-15T21:40:27.0000000	loved
116	601894	scrabble	2017-08-15T21:40:27.0000000	liked
117	601894	ivanka trump	2017-08-15T21:40:27.0000000	disliked
118	601894	HORSE RACING	2017-08-15T21:40:27.0000000	disliked
119	601894	cotton candy	2017-08-15T21:40:27.0000000	disliked
120	601894	dabbing pizza grease with a napkin	2017-08-15T21:40:27.0000000	disliked
121	601894	monogamy	2017-08-15T21:40:27.0000000	liked
122	601894	SPONTANEOUS BONERS	2017-08-15T21:40:27.0000000	disliked
123	601894	jokes	2017-08-15T21:40:27.0000000	loved
124	601894	veggie burgers	2017-08-15T21:40:27.0000000	hated
125	601894	people who block the whole escalator	2017-08-15T21:40:27.0000000	loved
126	640878	ACOUSTIC GUITAR BRO	2017-08-15T21:40:27.0000000	liked
127	640878	WATCHING YOUTUBE COMPILATIONS	2017-08-15T21:40:27.0000000	liked
128	640878	80's music	2017-08-15T21:40:27.0000000	loved
129	640878	picking scabs	2017-08-15T21:40:27.0000000	liked
130	640878	burger king	2017-08-15T21:40:27.0000000	liked
131	640878	bad grammar	2017-08-15T21:40:27.0000000	hated
132	640878	march madness bracket tournaments	2017-08-15T21:40:27.0000000	skipped
133	640878	swimming with fish	2017-08-15T21:40:27.0000000	liked
134	640878	college sports	2017-08-15T21:40:27.0000000	disliked
135	640878	drawn-in eyebrows	2017-08-15T21:40:27.0000000	disliked
136	640878	the twilight saga	2017-08-15T21:40:27.0000000	disliked
137	640878	the metric system	2017-08-15T21:40:27.0000000	liked
138	640878	watching movie trailers	2017-08-15T21:40:27.0000000	liked
139	640878	hunting	2017-08-15T21:40:27.0000000	skipped
140	640878	fasting	2017-08-15T21:40:27.0000000	disliked
141	640878	"GOING ""GREEN"""	2017-08-15T21:40:27.0000000	skipped
142	640878	imitation meat	2017-08-15T21:40:27.0000000	hated
143	640878	SLOW WALKERS	2017-08-15T21:40:27.0000000	disliked
144	640878	"""U UP?"""	2017-08-15T21:40:27.0000000	skipped
145	640878	crowded gyms	2017-08-15T21:40:27.0000000	disliked
146	640878	iphone games	2017-08-15T21:40:27.0000000	liked
147	640878	YELLING	2017-08-15T21:40:27.0000000	skipped
148	640878	artificial sweeteners	2017-08-15T21:40:27.0000000	disliked
149	640878	eating breakfast	2017-08-15T21:40:27.0000000	liked
150	640878	SXSW	2017-08-15T21:40:27.0000000	skipped
151	640878	freezing chocolate candy bars	2017-08-15T21:40:27.0000000	liked
152	640878	dogs in big cities	2017-08-15T21:40:27.0000000	skipped
153	640878	tough mudder	2017-08-15T21:40:27.0000000	skipped
154	640878	veganism	2017-08-15T21:40:27.0000000	skipped
155	640878	MAN BUNS	2017-08-15T21:40:27.0000000	skipped
156	640878	the holiday season	2017-08-15T21:40:27.0000000	liked
157	640878	eating straight from the fridge	2017-08-15T21:40:27.0000000	skipped
158	640878	laser tag	2017-08-15T21:40:27.0000000	liked
159	640878	fake blondes	2017-08-15T21:40:27.0000000	liked
160	640878	waiting in line	2017-08-15T21:40:27.0000000	liked
161	640878	"""yaaaaaas"""	2017-08-15T21:40:27.0000000	skipped
162	640878	john mayer	2017-08-15T21:40:27.0000000	skipped
163	640878	the hiccups	2017-08-15T21:40:27.0000000	hated
164	640878	reality dating television shows	2017-08-15T21:40:27.0000000	hated
165	640878	THE EIFFEL TOWER	2017-08-15T21:40:27.0000000	loved
166	528617	going to the doctor	2017-08-15T21:40:25.0000000	hated
167	528617	STARGAZING	2017-08-15T21:40:25.0000000	loved
168	528617	wine snobs	2017-08-15T21:40:25.0000000	hated
169	528617	splinters	2017-08-15T21:40:25.0000000	hated
170	528617	CHICKEN NUGGETS	2017-08-15T21:40:25.0000000	hated
171	528617	WORKOUT COUPLES	2017-08-15T21:40:25.0000000	hated
172	528617	picking pimples	2017-08-15T21:40:25.0000000	skipped
173	528617	psychology	2017-08-15T21:40:25.0000000	skipped
174	528617	tapout clothing	2017-08-15T21:40:25.0000000	skipped
175	528617	high school reunions	2017-08-15T21:40:25.0000000	hated
176	615141	los angeles	2017-08-15T21:40:13.0000000	skipped
177	615141	splinters	2017-08-15T21:40:13.0000000	skipped
178	615141	hacksaw ridge' the movie	2017-08-15T21:40:13.0000000	skipped
179	615141	candy corn	2017-08-15T21:40:13.0000000	skipped
180	576804	PESTO	2017-08-15T21:40:11.0000000	liked
181	576804	tagging friends in memes	2017-08-15T21:40:11.0000000	liked
182	576804	steak cooked rare	2017-08-15T21:40:11.0000000	skipped
183	576804	3D movies	2017-08-15T21:40:11.0000000	disliked
184	576804	BROMANCES	2017-08-15T21:40:11.0000000	liked
185	640789	caitlyn jenner	2017-08-15T21:40:09.0000000	hated
186	640789	standardized tests in school	2017-08-15T21:40:09.0000000	hated
187	640789	FAD DIETS	2017-08-15T21:40:09.0000000	hated
188	640789	bad sequels	2017-08-15T21:40:09.0000000	hated
189	640789	drug commercials	2017-08-15T21:40:09.0000000	hated
190	640789	wearing comfortable clothing	2017-08-15T21:40:09.0000000	loved
191	640789	when the wifi connects automatically	2017-08-15T21:40:09.0000000	loved
192	640789	root beer floats	2017-08-15T21:40:09.0000000	loved
193	640789	the 'buh buh buh' in sweet caroline	2017-08-15T21:40:09.0000000	loved
194	636621	high sex	2017-08-15T21:40:08.0000000	loved
195	636621	wework	2017-08-15T21:40:08.0000000	disliked
196	636621	crime dramas	2017-08-15T21:40:08.0000000	liked
197	636621	flaking on plans	2017-08-15T21:40:08.0000000	hated
198	636621	DEEP DISH PIZZA	2017-08-15T21:40:08.0000000	loved
199	636621	SAMUEL ADAMS BEER	2017-08-15T21:40:08.0000000	disliked
200	636621	rocky horror picture show	2017-08-15T21:40:08.0000000	liked
201	636621	the defense budget	2017-08-15T21:40:08.0000000	disliked
202	636621	all-natural deodorant	2017-08-15T21:40:08.0000000	disliked
203	636621	SPENDING MONEY	2017-08-15T21:40:08.0000000	liked
204	636621	HAND HUGS	2017-08-15T21:40:08.0000000	disliked
205	636621	THE MACARENA	2017-08-15T21:40:08.0000000	hated
206	636621	over-filtered instagrams	2017-08-15T21:40:08.0000000	disliked
207	636621	getting snowed into a bar	2017-08-15T21:40:08.0000000	loved
208	636621	RISKING MY LIFE TO JAYWALK	2017-08-15T21:40:08.0000000	liked
209	636621	the cha cha slide	2017-08-15T21:40:08.0000000	disliked
210	636621	the x-games	2017-08-15T21:40:08.0000000	liked
211	636621	bread bowls	2017-08-15T21:40:08.0000000	liked
212	636621	USING ALL YOUR MONEY ON FOOD	2017-08-15T21:40:08.0000000	disliked
213	636621	tossing salad	2017-08-15T21:40:08.0000000	liked
214	636621	TRAIL MIX	2017-08-15T21:40:08.0000000	liked
215	640077	instagram	2017-08-15T21:40:07.0000000	skipped
216	640077	filling up on bread	2017-08-15T21:40:07.0000000	skipped
217	640077	"""don't be on the wrong right side of history"""	2017-08-15T21:40:07.0000000	skipped
218	640077	venus flytraps	2017-08-15T21:40:07.0000000	skipped
219	640077	karma	2017-08-15T21:40:07.0000000	skipped
220	640077	PEOPLE WHO BRAG ABOUT THEIR MARCH MADNESS BRACKETS	2017-08-15T21:40:07.0000000	skipped
221	640077	leaving my couch	2017-08-15T21:40:07.0000000	skipped
222	640077	AVOCADO TOAST	2017-08-15T21:40:07.0000000	skipped
223	640077	happy hours	2017-08-15T21:40:07.0000000	skipped
224	640077	WAKING UP TO AN ALARM	2017-08-15T21:40:07.0000000	skipped
225	640077	sports betting	2017-08-15T21:40:07.0000000	skipped
226	640077	PUSHUP BRAS	2017-08-15T21:40:07.0000000	skipped
227	640077	staying with relatives	2017-08-15T21:40:07.0000000	skipped
228	640077	"the word ""toilet"""	2017-08-15T21:40:07.0000000	skipped
229	640077	battleship board game	2017-08-15T21:40:07.0000000	skipped
230	640077	bing	2017-08-15T21:40:07.0000000	skipped
231	640077	kale	2017-08-15T21:40:07.0000000	skipped
232	640077	SRIRACHA	2017-08-15T21:40:07.0000000	liked
233	640077	MASTURBATION	2017-08-15T21:40:07.0000000	skipped
234	640077	the presidential election of 2016	2017-08-15T21:40:07.0000000	hated
235	640077	lots of makeup	2017-08-15T21:40:07.0000000	skipped
236	640077	wikileaks	2017-08-15T21:40:07.0000000	skipped
237	640077	tie dye	2017-08-15T21:40:07.0000000	skipped
238	640077	kids at bars	2017-08-15T21:40:07.0000000	skipped
239	640077	WEARING SLIPPERS AROUND THE HOUSE	2017-08-15T21:40:07.0000000	skipped
240	640077	swimming in cold water	2017-08-15T21:40:07.0000000	skipped
241	640077	pig latin	2017-08-15T21:40:07.0000000	skipped
242	640077	electric toothbrush	2017-08-15T21:40:07.0000000	loved
243	640077	iggy azalea	2017-08-15T21:40:07.0000000	skipped
244	640077	BEING TICKLED	2017-08-15T21:40:07.0000000	skipped
245	640077	turtle necks	2017-08-15T21:40:07.0000000	skipped
246	640077	eating boogers	2017-08-15T21:40:07.0000000	hated
247	640077	HAND HUGS	2017-08-15T21:40:07.0000000	skipped
248	640077	britney spears post-2007	2017-08-15T21:40:07.0000000	skipped
249	640077	RUM PUNCH	2017-08-15T21:40:07.0000000	skipped
250	640077	FRIED CHICKEN	2017-08-15T21:40:07.0000000	skipped
251	640077	GETTING A HAIRCUT	2017-08-15T21:40:07.0000000	skipped
252	640077	texas holdem	2017-08-15T21:40:06.0000000	skipped
253	640077	study abroad	2017-08-15T21:40:06.0000000	skipped
254	640077	death	2017-08-15T21:40:06.0000000	skipped
255	636563	trump's tweets	2017-08-15T21:40:02.0000000	skipped
256	636563	asian fusion	2017-08-15T21:40:02.0000000	skipped
257	636563	movie remakes	2017-08-15T21:40:02.0000000	skipped
258	636563	manchester by the sea' the movie	2017-08-15T21:40:02.0000000	skipped
259	636563	DUNK TANKS	2017-08-15T21:40:02.0000000	skipped
260	636563	feeling sadness ever	2017-08-15T21:40:02.0000000	skipped
261	636563	eggplant	2017-08-15T21:40:02.0000000	skipped
262	636563	watching videos on mute	2017-08-15T21:40:02.0000000	skipped
263	636563	ice cream sandwiches	2017-08-15T21:40:02.0000000	liked
264	636563	UPDATING MY RESUME	2017-08-15T21:40:02.0000000	skipped
265	636563	gift cards	2017-08-15T21:40:02.0000000	skipped
266	636563	wire hangers	2017-08-15T21:40:02.0000000	skipped
267	636563	classic rock	2017-08-15T21:40:02.0000000	skipped
268	636563	itunes updates	2017-08-15T21:40:02.0000000	skipped
269	636563	STRETCHING	2017-08-15T21:40:02.0000000	skipped
270	636563	oral sex	2017-08-15T21:40:02.0000000	loved
271	636563	instagrams of sunsets	2017-08-15T21:40:02.0000000	skipped
272	636563	apple nerds	2017-08-15T21:40:02.0000000	skipped
273	636563	clogs	2017-08-15T21:40:02.0000000	skipped
274	636563	getting snowed into a bar	2017-08-15T21:40:02.0000000	skipped
275	636563	LIPSTICK	2017-08-15T21:40:02.0000000	liked
276	640877	this app	2017-08-15T21:39:59.0000000	skipped
277	640877	facial hair	2017-08-15T21:39:59.0000000	skipped
278	640877	frozen food	2017-08-15T21:39:59.0000000	skipped
279	640877	philosophical arguments	2017-08-15T21:39:59.0000000	loved
280	640877	taking off your pants when you get home	2017-08-15T21:39:59.0000000	loved
281	640877	moms talking about their children all the time	2017-08-15T21:39:59.0000000	hated
282	640877	complicated coffee orders	2017-08-15T21:39:59.0000000	skipped
283	640877	spacing out	2017-08-15T21:39:59.0000000	loved
284	640877	THE SMELL OF WOOD	2017-08-15T21:39:59.0000000	loved
285	640877	hummers	2017-08-15T21:39:59.0000000	skipped
286	640877	TATER TOTS	2017-08-15T21:39:59.0000000	loved
287	640877	leather	2017-08-15T21:39:59.0000000	liked
288	640877	fast walkers	2017-08-15T21:39:59.0000000	loved
289	640877	people who snapchat too much	2017-08-15T21:39:59.0000000	hated
290	640877	fair weather fans	2017-08-15T21:39:59.0000000	skipped
291	640877	tall dudes at concerts	2017-08-15T21:39:59.0000000	skipped
292	640877	money clips	2017-08-15T21:39:59.0000000	skipped
293	640877	people who reply all to party invites	2017-08-15T21:39:59.0000000	skipped
294	640877	portlandia	2017-08-15T21:39:59.0000000	skipped
295	640877	the knicks	2017-08-15T21:39:59.0000000	skipped
296	640877	JAM BANDS	2017-08-15T21:39:59.0000000	skipped
297	640877	PEOPLE WHO TALK ABOUT THEIR CHARITY WORK	2017-08-15T21:39:59.0000000	skipped
298	640877	PICKLES	2017-08-15T21:39:59.0000000	loved
299	640877	DUST	2017-08-15T21:39:59.0000000	hated
300	640877	JELLYFISH	2017-08-15T21:39:59.0000000	skipped
301	640877	the radio	2017-08-15T21:39:59.0000000	skipped
302	640877	the window seat	2017-08-15T21:39:59.0000000	loved
303	640877	wes anderson movies	2017-08-15T21:39:59.0000000	skipped
304	640877	musicians who lip sync	2017-08-15T21:39:59.0000000	skipped
305	640598	associating real violence with video games	2017-08-15T21:39:59.0000000	hated
306	640598	pick up lines	2017-08-15T21:39:59.0000000	disliked
307	640598	college	2017-08-15T21:39:59.0000000	liked
308	640598	dabbing pizza grease with a napkin	2017-08-15T21:39:59.0000000	disliked
309	640598	bitmojis	2017-08-15T21:39:59.0000000	disliked
310	640598	moonlight' the movie	2017-08-15T21:39:59.0000000	skipped
311	640598	PEEPS	2017-08-15T21:39:59.0000000	skipped
312	640598	chipotle	2017-08-15T21:39:59.0000000	skipped
313	640598	passive aggressiveness	2017-08-15T21:39:59.0000000	hated
314	640598	patriotism	2017-08-15T21:39:59.0000000	liked
315	640598	talking during a movie	2017-08-15T21:39:59.0000000	hated
316	640598	selfies	2017-08-15T21:39:59.0000000	liked
317	640598	friends the TV show	2017-08-15T21:39:59.0000000	liked
318	640598	VIRAL VIDEOS	2017-08-15T21:39:59.0000000	hated
319	640598	ROCK-PAPER-SCISSORS	2017-08-15T21:39:59.0000000	liked
320	640598	new orleans	2017-08-15T21:39:59.0000000	skipped
321	640598	DRAKE	2017-08-15T21:39:59.0000000	skipped
322	640598	driving while buzzed	2017-08-15T21:39:59.0000000	hated
323	640598	notifications from team snapchat	2017-08-15T21:39:59.0000000	hated
324	640598	rain on a tin roof	2017-08-15T21:39:59.0000000	loved
325	640598	people who wear shorts in the winter	2017-08-15T21:39:59.0000000	disliked
326	640598	3D movies	2017-08-15T21:39:59.0000000	liked
327	640598	westerns	2017-08-15T21:39:59.0000000	liked
328	640598	people who love themselves	2017-08-15T21:39:59.0000000	liked
329	640598	HARRY POTTER	2017-08-15T21:39:59.0000000	liked
330	640598	spoilers	2017-08-15T21:39:59.0000000	hated
331	640598	running into old acquaintances	2017-08-15T21:39:59.0000000	liked
332	615141	sailing	2017-08-15T21:39:56.0000000	skipped
333	615141	settlers of catan	2017-08-15T21:39:56.0000000	loved
334	615141	gas station wine	2017-08-15T21:39:56.0000000	skipped
335	615141	baking	2017-08-15T21:39:56.0000000	loved
336	615141	people who give up social media for lent	2017-08-15T21:39:56.0000000	skipped
337	615141	kids	2017-08-15T21:39:56.0000000	hated
338	615141	FiveFinger shoes	2017-08-15T21:39:56.0000000	skipped
339	615141	hacky sack	2017-08-15T21:39:56.0000000	skipped
340	615141	helen keller jokes	2017-08-15T21:39:56.0000000	skipped
341	615141	flies	2017-08-15T21:39:56.0000000	skipped
342	615141	SXSW	2017-08-15T21:39:56.0000000	skipped
343	615141	FLIP CUP	2017-08-15T21:39:56.0000000	liked
344	615141	ads that follow me around the internet	2017-08-15T21:39:56.0000000	disliked
345	615141	easter egg hunts	2017-08-15T21:39:56.0000000	liked
346	615141	PEOPLE WHO TALK ABOUT THEIR CHARITY WORK	2017-08-15T21:39:56.0000000	disliked
347	615141	memes	2017-08-15T21:39:56.0000000	liked
348	615141	turtles	2017-08-15T21:39:56.0000000	loved
349	615141	clones	2017-08-15T21:39:56.0000000	skipped
350	615141	TATER TOTS	2017-08-15T21:39:56.0000000	skipped
351	615141	car sex	2017-08-15T21:39:56.0000000	skipped
352	615141	paying someone to clean your home	2017-08-15T21:39:56.0000000	skipped
353	615141	short shorts	2017-08-15T21:39:56.0000000	loved
354	615141	wet socks	2017-08-15T21:39:56.0000000	skipped
355	615141	azealia banks	2017-08-15T21:39:56.0000000	skipped
356	615141	LAP DANCES	2017-08-15T21:39:56.0000000	liked
357	615141	partying in ibiza	2017-08-15T21:39:56.0000000	skipped
358	615141	the metric system	2017-08-15T21:39:56.0000000	loved
359	615141	the idea of self-driving cars	2017-08-15T21:39:56.0000000	liked
360	615141	orange is the new black	2017-08-15T21:39:56.0000000	skipped
361	615141	carrot cake	2017-08-15T21:39:56.0000000	disliked
362	615141	the keystone pipeline	2017-08-15T21:39:56.0000000	skipped
363	615141	coloring with crayons	2017-08-15T21:39:56.0000000	liked
364	615141	real fur clothing	2017-08-15T21:39:56.0000000	skipped
365	615141	snuggling	2017-08-15T21:39:56.0000000	loved
366	615141	driving while buzzed	2017-08-15T21:39:56.0000000	skipped
367	615141	people who think androids are better than iphones	2017-08-15T21:39:56.0000000	skipped
368	615141	BREAKING CHIPS IN THE GUACAMOLE	2017-08-15T21:39:56.0000000	skipped
369	615141	jennifer lawrence	2017-08-15T21:39:56.0000000	skipped
370	615141	youtube ads	2017-08-15T21:39:56.0000000	skipped
371	615141	how-to books	2017-08-15T21:39:56.0000000	skipped
372	576804	NECK TATTOOS	2017-08-15T21:39:53.0000000	disliked
373	576804	will ferrell movies	2017-08-15T21:39:53.0000000	hated
374	576804	birthdays at work	2017-08-15T21:39:53.0000000	disliked
375	576804	video games	2017-08-15T21:39:53.0000000	loved
376	576804	hacky sack	2017-08-15T21:39:53.0000000	skipped
377	576804	YELLING	2017-08-15T21:39:53.0000000	hated
378	576804	the westboro baptist church	2017-08-15T21:39:53.0000000	skipped
379	576804	flying	2017-08-15T21:39:53.0000000	liked
380	576804	stoners	2017-08-15T21:39:53.0000000	liked
381	576804	sudoku	2017-08-15T21:39:53.0000000	skipped
382	576804	frozen grapes	2017-08-15T21:39:53.0000000	liked
383	576804	girls night	2017-08-15T21:39:53.0000000	skipped
384	576804	PEOPLE WHO GET OFFENDED BY JOKES	2017-08-15T21:39:53.0000000	disliked
385	576804	green texts	2017-08-15T21:39:53.0000000	disliked
386	576804	grocery shopping	2017-08-15T21:39:53.0000000	disliked
387	576804	self medicating before flying	2017-08-15T21:39:53.0000000	skipped
388	576804	"""bae"""	2017-08-15T21:39:53.0000000	skipped
389	576804	people who don't vote	2017-08-15T21:39:53.0000000	hated
390	576804	april fools day	2017-08-15T21:39:53.0000000	skipped
391	576804	massages	2017-08-15T21:39:53.0000000	liked
392	576804	soggy bacon	2017-08-15T21:39:53.0000000	hated
393	576804	Rutgers	2017-08-15T21:39:53.0000000	skipped
394	576804	cinco de mayo	2017-08-15T21:39:53.0000000	skipped
395	576804	intelligent design	2017-08-15T21:39:53.0000000	hated
396	576804	babies on my flight	2017-08-15T21:39:53.0000000	disliked
397	576804	furry steering wheel covers	2017-08-15T21:39:53.0000000	disliked
398	576804	touching	2017-08-15T21:39:53.0000000	liked
399	576804	normal	2017-08-15T21:39:53.0000000	liked
400	576804	people who dye their hair pink	2017-08-15T21:39:53.0000000	skipped
401	576804	friendly reminder emails	2017-08-15T21:39:53.0000000	skipped
402	576804	"""would you rather..."""	2017-08-15T21:39:53.0000000	liked
403	576804	traffic	2017-08-15T21:39:53.0000000	disliked
404	576804	birkenstocks	2017-08-15T21:39:53.0000000	skipped
405	576804	bad style	2017-08-15T21:39:53.0000000	loved
406	576804	animated movies	2017-08-15T21:39:53.0000000	skipped
407	576804	tippingåÊthe uber driver	2017-08-15T21:39:53.0000000	loved
408	576804	INGLORIOUS BASTERDS	2017-08-15T21:39:53.0000000	loved
409	576804	gin	2017-08-15T21:39:53.0000000	liked
410	576804	BEING WOKEN UP	2017-08-15T21:39:53.0000000	skipped
411	576804	MAKING A PLAYLIST FOR WHEN I'M TRAVELING	2017-08-15T21:39:53.0000000	loved
412	209153	carrot cake	2017-08-15T21:39:50.0000000	liked
413	209153	UNSWEETENED ICED TEA	2017-08-15T21:39:50.0000000	skipped
414	209153	CLOWN FISH	2017-08-15T21:39:50.0000000	skipped
415	209153	incorrect punctuation	2017-08-15T21:39:50.0000000	disliked
416	209153	joining a conga line	2017-08-15T21:39:50.0000000	skipped
417	209153	dabbing pizza grease with a napkin	2017-08-15T21:39:50.0000000	skipped
418	209153	HIKING	2017-08-15T21:39:50.0000000	liked
419	209153	clearing my browsing history	2017-08-15T21:39:50.0000000	liked
420	209153	beauty and the beast	2017-08-15T21:39:50.0000000	skipped
421	209153	the corner piece of a brownie	2017-08-15T21:39:50.0000000	skipped
422	209153	salvia	2017-08-15T21:39:50.0000000	skipped
423	209153	short shorts	2017-08-15T21:39:50.0000000	skipped
424	209153	the idea that everyone has a soulmate	2017-08-15T21:39:50.0000000	liked
425	209153	the f-word	2017-08-15T21:39:50.0000000	loved
426	209153	the missionary position	2017-08-15T21:39:50.0000000	liked
427	209153	the end piece of a loaf of bread	2017-08-15T21:39:50.0000000	skipped
428	209153	smiling in photos	2017-08-15T21:39:50.0000000	skipped
429	209153	CHIA SEEDS	2017-08-15T21:39:50.0000000	skipped
430	209153	studying at libraries	2017-08-15T21:39:50.0000000	skipped
431	209153	TAKING A GAP YEAR	2017-08-15T21:39:50.0000000	skipped
432	209153	going to the doctor	2017-08-15T21:39:50.0000000	skipped
433	209153	philosophical arguments	2017-08-15T21:39:50.0000000	skipped
434	209153	Liam Hemsworth	2017-08-15T21:39:50.0000000	skipped
435	209153	the irish	2017-08-15T21:39:50.0000000	liked
436	209153	people who don't eat red meat	2017-08-15T21:39:50.0000000	skipped
437	209153	KEGELS	2017-08-15T21:39:50.0000000	skipped
438	209153	shake shack	2017-08-15T21:39:50.0000000	skipped
439	209153	williamsburg, brooklyn	2017-08-15T21:39:50.0000000	skipped
440	209153	scuba diving	2017-08-15T21:39:50.0000000	skipped
441	209153	hackathons	2017-08-15T21:39:50.0000000	skipped
442	209153	water balloons	2017-08-15T21:39:50.0000000	skipped
443	209153	SUSPENDERS	2017-08-15T21:39:50.0000000	hated
444	209153	"""would you rather..."""	2017-08-15T21:39:50.0000000	disliked
445	209153	lena dunham	2017-08-15T21:39:50.0000000	skipped
446	209153	ads that follow me around the internet	2017-08-15T21:39:50.0000000	disliked
447	209153	peeling bananas upside down	2017-08-15T21:39:50.0000000	skipped
448	209153	egg whites	2017-08-15T21:39:50.0000000	skipped
449	209153	people who don't eat donuts	2017-08-15T21:39:50.0000000	skipped
450	209153	SLOT MACHINES	2017-08-15T21:39:50.0000000	skipped
451	209153	cold showers	2017-08-15T21:39:50.0000000	disliked
452	118910	puns	2017-08-15T21:39:44.0000000	loved
453	118910	lemonade	2017-08-15T21:39:44.0000000	skipped
454	118910	breakfast burritos	2017-08-15T21:39:44.0000000	skipped
455	118910	SEVERUS SNAPE	2017-08-15T21:39:44.0000000	skipped
456	118910	people that celebrate their half-birthday	2017-08-15T21:39:44.0000000	skipped
457	118910	double dates	2017-08-15T21:39:44.0000000	disliked
458	118910	GOING TO BASEBALL GAMES	2017-08-15T21:39:44.0000000	skipped
459	118910	leaving reviews for apps	2017-08-15T21:39:44.0000000	skipped
460	118910	furry steering wheel covers	2017-08-15T21:39:44.0000000	disliked
461	118910	YOYOS	2017-08-15T21:39:44.0000000	skipped
462	118910	DOGS	2017-08-15T21:39:44.0000000	loved
463	118910	jennifer lawrence	2017-08-15T21:39:44.0000000	liked
464	118910	LEAVING A VOICEMAIL	2017-08-15T21:39:44.0000000	disliked
465	118910	over-filtered instagrams	2017-08-15T21:39:44.0000000	skipped
466	118910	robert downey jr.	2017-08-15T21:39:44.0000000	skipped
467	118910	boy scouts	2017-08-15T21:39:44.0000000	skipped
468	118910	sharks	2017-08-15T21:39:44.0000000	skipped
469	118910	listerine	2017-08-15T21:39:44.0000000	skipped
470	118910	Indiana Jones	2017-08-15T21:39:44.0000000	skipped
471	118910	crossfit	2017-08-15T21:39:44.0000000	liked
472	118910	BRACES	2017-08-15T21:39:44.0000000	hated
473	118910	traveling for work	2017-08-15T21:39:44.0000000	liked
474	118910	babies on airplanes	2017-08-15T21:39:44.0000000	hated
475	118910	wedding speeches	2017-08-15T21:39:44.0000000	skipped
476	118910	PREPPING FOR BEACH-BOD SEASON	2017-08-15T21:39:44.0000000	liked
477	118910	tweets	2017-08-15T21:39:44.0000000	skipped
478	118910	the dolphin sound girls make when they see eachother	2017-08-15T21:39:44.0000000	skipped
479	118910	moochers	2017-08-15T21:39:44.0000000	skipped
480	118910	the size of the US military	2017-08-15T21:39:44.0000000	skipped
481	118910	fetishes	2017-08-15T21:39:44.0000000	skipped
482	118910	justin timberlake	2017-08-15T21:39:44.0000000	skipped
483	118910	"""bling"""	2017-08-15T21:39:44.0000000	skipped
484	118910	monty python	2017-08-15T21:39:44.0000000	skipped
485	118910	choosing where to eat	2017-08-15T21:39:44.0000000	skipped
486	612325	the zoo	2017-08-15T21:39:42.0000000	disliked
487	612325	holding hands	2017-08-15T21:39:42.0000000	skipped
488	612325	moving	2017-08-15T21:39:42.0000000	skipped
489	612325	THE DMV	2017-08-15T21:39:42.0000000	skipped
490	612325	garlic	2017-08-15T21:39:42.0000000	liked
491	612325	FINAL EXAMS	2017-08-15T21:39:42.0000000	skipped
492	612325	people who believe in aliens	2017-08-15T21:39:42.0000000	skipped
493	612325	DINOSAURS	2017-08-15T21:39:42.0000000	skipped
494	612325	doing work at a coffee shop	2017-08-15T21:39:42.0000000	liked
495	612325	DRONES	2017-08-15T21:39:42.0000000	disliked
496	612325	HAVING NOTHING TO DO	2017-08-15T21:39:42.0000000	skipped
497	612325	friendsgiving	2017-08-15T21:39:42.0000000	skipped
498	612325	egg whites	2017-08-15T21:39:42.0000000	skipped
499	612325	tinder	2017-08-15T21:39:42.0000000	skipped
500	612325	using webmd to figure out what's wrong with me	2017-08-15T21:39:42.0000000	skipped
501	612325	my parents	2017-08-15T21:39:42.0000000	skipped
502	612325	candy	2017-08-15T21:39:42.0000000	loved
503	612325	bathroom selfies	2017-08-15T21:39:42.0000000	disliked
504	612325	the death penalty	2017-08-15T21:39:42.0000000	hated
505	612325	BILL COSBY	2017-08-15T21:39:42.0000000	disliked
506	612325	howard stern	2017-08-15T21:39:42.0000000	disliked
507	612325	basketball	2017-08-15T21:39:42.0000000	skipped
508	612325	mexico	2017-08-15T21:39:42.0000000	skipped
509	612325	the cold side of the pillow	2017-08-15T21:39:42.0000000	loved
510	612325	the big bang	2017-08-15T21:39:42.0000000	liked
511	612325	think pieces	2017-08-15T21:39:42.0000000	skipped
512	612325	DORITOS	2017-08-15T21:39:42.0000000	skipped
513	612325	biscuits and gravy	2017-08-15T21:39:42.0000000	skipped
514	612325	corn tortillas	2017-08-15T21:39:42.0000000	skipped
515	612325	PEOPLE WHO DON'T DRINK OR DO DRUGS	2017-08-15T21:39:42.0000000	loved
516	612325	computer games	2017-08-15T21:39:42.0000000	liked
517	612325	cilantro	2017-08-15T21:39:42.0000000	liked
518	612325	breakfast burritos	2017-08-15T21:39:42.0000000	disliked
519	612325	expensive dates	2017-08-15T21:39:42.0000000	skipped
520	612325	STRIP CLUBS	2017-08-15T21:39:42.0000000	skipped
521	612325	NERVOUS SWEATING	2017-08-15T21:39:42.0000000	disliked
522	612325	GETTING CHEATED ON	2017-08-15T21:39:42.0000000	skipped
523	612325	clipping my nails	2017-08-15T21:39:42.0000000	skipped
524	612325	BEING PARANOID	2017-08-15T21:39:42.0000000	skipped
525	612325	MESSING WITH FRIENDS WHEN THEY PASS OUT	2017-08-15T21:39:42.0000000	skipped
526	640876	PEER PRESSURE	2017-08-15T21:39:37.0000000	skipped
527	640876	people who don't recycle	2017-08-15T21:39:37.0000000	skipped
528	640876	people watching	2017-08-15T21:39:37.0000000	skipped
529	640876	DOGS	2017-08-15T21:39:37.0000000	skipped
530	640876	breaking up with someone	2017-08-15T21:39:37.0000000	skipped
531	640876	bad manners	2017-08-15T21:39:37.0000000	skipped
532	640876	the defense budget	2017-08-15T21:39:37.0000000	skipped
533	640876	dirty floors	2017-08-15T21:39:37.0000000	skipped
534	640876	sadness	2017-08-15T21:39:37.0000000	skipped
535	640876	censorship	2017-08-15T21:39:37.0000000	skipped
536	640876	risking my life to eat raw cookie dough	2017-08-15T21:39:37.0000000	skipped
537	640876	heated pools	2017-08-15T21:39:37.0000000	liked
538	640876	FOOD STANDS	2017-08-15T21:39:37.0000000	skipped
539	640876	VIDEO BLOGS	2017-08-15T21:39:37.0000000	skipped
540	640876	being under pressure	2017-08-15T21:39:37.0000000	skipped
541	640876	TRAVELING WITH A FRIEND	2017-08-15T21:39:37.0000000	skipped
542	640876	condoms	2017-08-15T21:39:37.0000000	skipped
543	640876	raising the minimum wage	2017-08-15T21:39:37.0000000	skipped
544	640876	tech blogs	2017-08-15T21:39:37.0000000	skipped
545	640876	people who hold the elevator doors open	2017-08-15T21:39:37.0000000	skipped
546	640876	spanking	2017-08-15T21:39:37.0000000	skipped
547	640876	BEANIES	2017-08-15T21:39:37.0000000	skipped
548	640876	the american healthcare system	2017-08-15T21:39:37.0000000	skipped
549	640876	"""locker room talk"""	2017-08-15T21:39:37.0000000	skipped
550	640876	recreational sports leagues	2017-08-15T21:39:37.0000000	skipped
551	640876	mission statements	2017-08-15T21:39:37.0000000	skipped
552	640876	makeup	2017-08-15T21:39:37.0000000	skipped
553	640876	putting on the fitted sheet	2017-08-15T21:39:37.0000000	disliked
554	640876	IGNITION REMIX	2017-08-15T21:39:37.0000000	liked
555	640876	the snapchat glasses	2017-08-15T21:39:37.0000000	skipped
556	640876	iced coffee in the winter	2017-08-15T21:39:37.0000000	skipped
557	640876	DRIVERS WHO DON'T SIGNAL	2017-08-15T21:39:37.0000000	skipped
558	640876	DOGS LICKING MY FACE	2017-08-15T21:39:37.0000000	skipped
559	640876	ice skating	2017-08-15T21:39:37.0000000	skipped
560	640876	SPICY MEMES	2017-08-15T21:39:37.0000000	skipped
561	640876	taking off your pants when you get home	2017-08-15T21:39:37.0000000	loved
562	640876	DICK PICS	2017-08-15T21:39:37.0000000	skipped
563	640876	bitmojis	2017-08-15T21:39:37.0000000	skipped
564	640876	BAR GAMES	2017-08-15T21:39:37.0000000	skipped
565	640876	burps	2017-08-15T21:39:37.0000000	skipped
566	621956	bono	2017-08-15T21:39:29.0000000	disliked
567	621956	BEING IGNORED	2017-08-15T21:39:29.0000000	hated
568	621956	cold brew coffee	2017-08-15T21:39:29.0000000	liked
569	621956	street preachers	2017-08-15T21:39:29.0000000	hated
570	621956	CROSSWORD PUZZLES	2017-08-15T21:39:29.0000000	liked
571	621956	COCAINE	2017-08-15T21:39:29.0000000	disliked
572	621956	FAD DIETS	2017-08-15T21:39:29.0000000	hated
573	621956	GETTING CHEATED ON	2017-08-15T21:39:29.0000000	hated
574	621956	HORSE RACING	2017-08-15T21:39:29.0000000	disliked
575	621956	EXCEL SPREADSHEETS	2017-08-15T21:39:29.0000000	hated
576	621956	facetime	2017-08-15T21:39:29.0000000	loved
577	621956	kim kardashian	2017-08-15T21:39:29.0000000	liked
578	621956	snooze buttons	2017-08-15T21:39:29.0000000	loved
579	621956	money clips	2017-08-15T21:39:29.0000000	liked
580	621956	snickers	2017-08-15T21:39:29.0000000	loved
581	621956	winking	2017-08-15T21:39:29.0000000	loved
582	621956	finding ripe avocados at the supermarket	2017-08-15T21:39:29.0000000	loved
583	621956	petting other people's dogs	2017-08-15T21:39:29.0000000	disliked
584	621956	animated movies	2017-08-15T21:39:29.0000000	liked
585	621956	bumpy roads	2017-08-15T21:39:29.0000000	disliked
586	621956	Bill Clinton	2017-08-15T21:39:29.0000000	loved
587	621956	ERIC ANDRE	2017-08-15T21:39:29.0000000	liked
588	621956	pick up artists	2017-08-15T21:39:29.0000000	liked
589	621956	brooklyn	2017-08-15T21:39:29.0000000	loved
590	621956	using computer tablets	2017-08-15T21:39:29.0000000	liked
591	621956	BELGIAN WAFFLES	2017-08-15T21:39:29.0000000	loved
592	621956	FIDGET SPINNERS	2017-08-15T21:39:29.0000000	disliked
593	621956	the yankees	2017-08-15T21:39:29.0000000	disliked
594	621956	USING A LOT OF EXCLAMATION POINTS	2017-08-15T21:39:29.0000000	liked
595	621956	gummy vitamins	2017-08-15T21:39:29.0000000	liked
596	621956	the disney channel	2017-08-15T21:39:29.0000000	loved
597	621956	disney world	2017-08-15T21:39:29.0000000	loved
598	621956	trump's tweets	2017-08-15T21:39:29.0000000	hated
599	621956	HIPSTERS	2017-08-15T21:39:29.0000000	loved
600	621956	weekend getaways	2017-08-15T21:39:29.0000000	loved
601	621956	playing oscar bingo	2017-08-15T21:39:29.0000000	hated
602	621956	national parks	2017-08-15T21:39:29.0000000	liked
603	621956	COCONUT WATER	2017-08-15T21:39:29.0000000	liked
604	621956	phish	2017-08-15T21:39:29.0000000	disliked
605	621956	people who think brooklyn is the best	2017-08-15T21:39:29.0000000	disliked
606	639699	baking	2017-08-15T21:39:25.0000000	skipped
607	639699	biting string cheese	2017-08-15T21:39:25.0000000	skipped
608	639699	climbing trees	2017-08-15T21:39:25.0000000	skipped
609	639699	sour cream	2017-08-15T21:39:25.0000000	disliked
610	639699	zumba	2017-08-15T21:39:25.0000000	skipped
611	639699	artisanal mayonnaise	2017-08-15T21:39:25.0000000	skipped
612	639699	hand washing my car	2017-08-15T21:39:25.0000000	liked
613	639699	LAP DANCES	2017-08-15T21:39:25.0000000	liked
614	639699	the nets	2017-08-15T21:39:25.0000000	skipped
615	639699	NPR	2017-08-15T21:39:25.0000000	skipped
616	639699	yacht clubs	2017-08-15T21:39:25.0000000	skipped
617	640457	"""k"""	2017-08-15T21:39:20.0000000	disliked
618	640780	fitness trainers	2017-08-15T21:39:19.0000000	skipped
619	640780	stomping in puddles	2017-08-15T21:39:19.0000000	skipped
620	640780	FINGER PAINTING	2017-08-15T21:39:19.0000000	liked
621	640780	soggy bacon	2017-08-15T21:39:19.0000000	skipped
622	640780	HUNGRY HUNGRY HIPPOS	2017-08-15T21:39:19.0000000	skipped
623	640780	THE EIFFEL TOWER	2017-08-15T21:39:19.0000000	liked
624	640780	shia labeouf	2017-08-15T21:39:19.0000000	skipped
625	640780	GOING TO THE DENTIST	2017-08-15T21:39:19.0000000	skipped
626	640780	BOOZE CRUISES	2017-08-15T21:39:19.0000000	skipped
627	640780	lunchables	2017-08-15T21:39:19.0000000	skipped
628	640818	netflix binging	2017-08-15T21:39:17.0000000	liked
629	640818	cash only	2017-08-15T21:39:17.0000000	liked
630	640818	CHAMPAGNE SHOWERS	2017-08-15T21:39:17.0000000	loved
631	640818	tmz	2017-08-15T21:39:17.0000000	hated
632	640818	concerts	2017-08-15T21:39:17.0000000	liked
633	640818	live panda cams	2017-08-15T21:39:17.0000000	disliked
634	640818	clapping when an airplane lands	2017-08-15T21:39:17.0000000	disliked
635	640818	hamsters	2017-08-15T21:39:17.0000000	hated
636	640901	subtweeting	2017-08-15T21:39:07.0000000	liked
637	640901	censorship	2017-08-15T21:39:07.0000000	hated
638	640901	prostitution	2017-08-15T21:39:07.0000000	disliked
639	640901	going to the doctor	2017-08-15T21:39:07.0000000	disliked
640	640901	fake news	2017-08-15T21:39:07.0000000	disliked
641	640901	texting people first	2017-08-15T21:39:07.0000000	hated
642	640901	HOT CIDER	2017-08-15T21:39:07.0000000	hated
643	640901	the nets	2017-08-15T21:39:07.0000000	hated
644	640901	coachella	2017-08-15T21:39:07.0000000	loved
645	640901	denzel washington	2017-08-15T21:39:07.0000000	liked
646	640901	sloppy kisses	2017-08-15T21:39:07.0000000	hated
647	640901	staying up late	2017-08-15T21:39:07.0000000	loved
648	640901	super fans	2017-08-15T21:39:07.0000000	hated
649	640901	MESSY ROOMMATES	2017-08-15T21:39:07.0000000	hated
650	640901	scented candles	2017-08-15T21:39:07.0000000	loved
651	640901	the 24-hour news cycle	2017-08-15T21:39:07.0000000	liked
652	640901	becky with the good hair	2017-08-15T21:39:07.0000000	disliked
653	640901	Polyamory	2017-08-15T21:39:07.0000000	disliked
654	640901	being scared	2017-08-15T21:39:07.0000000	hated
655	640901	my job	2017-08-15T21:39:07.0000000	liked
656	271873	stomping in puddles	2017-08-15T21:39:01.0000000	liked
657	271873	BEING HUGGED	2017-08-15T21:39:01.0000000	loved
658	271873	GIVING DOGS HUMAN FOOD	2017-08-15T21:39:01.0000000	liked
659	271873	country clubs	2017-08-15T21:39:01.0000000	disliked
660	271873	CHICK-FIL-A SAUCE	2017-08-15T21:39:01.0000000	liked
661	271873	canada	2017-08-15T21:39:01.0000000	liked
662	271873	family guy	2017-08-15T21:39:01.0000000	liked
663	271873	fast food	2017-08-15T21:39:01.0000000	liked
664	271873	WARMING THE BENCH FOR THE GOOD PLAYERS	2017-08-15T21:39:01.0000000	disliked
665	271873	foreign movies	2017-08-15T21:39:01.0000000	liked
666	271873	YOYOS	2017-08-15T21:39:01.0000000	liked
667	271873	gift cards	2017-08-15T21:39:01.0000000	liked
668	271873	leather	2017-08-15T21:39:01.0000000	liked
669	271873	weekend getaways	2017-08-15T21:39:01.0000000	liked
670	271873	la croix	2017-08-15T21:39:01.0000000	disliked
671	271873	ping pong	2017-08-15T21:39:01.0000000	liked
672	271873	taking the scenic route	2017-08-15T21:39:01.0000000	loved
673	271873	the matrix	2017-08-15T21:39:01.0000000	liked
674	271873	ADAM SANDLER MOVIES	2017-08-15T21:39:01.0000000	liked
675	271873	OVERBLOWN WEATHER HYPE	2017-08-15T21:39:01.0000000	disliked
676	271873	THE SMELL OF FISH	2017-08-15T21:39:01.0000000	disliked
677	271873	numbers	2017-08-15T21:39:01.0000000	liked
678	271873	DORA THE EXPLORER	2017-08-15T21:39:01.0000000	disliked
679	271873	sloppiness	2017-08-15T21:39:01.0000000	disliked
680	271873	tweets	2017-08-15T21:39:01.0000000	liked
681	271873	vegas	2017-08-15T21:39:01.0000000	liked
682	271873	movies with no plot	2017-08-15T21:39:01.0000000	disliked
683	271873	CALLING GIRLS CRAZY	2017-08-15T21:39:01.0000000	disliked
684	271873	keeping a calendar	2017-08-15T21:39:01.0000000	liked
685	271873	SNAPBACK HATS	2017-08-15T21:39:01.0000000	liked
686	271873	WEARING TIGHT SHIRTS	2017-08-15T21:39:01.0000000	liked
687	271873	REPTILES	2017-08-15T21:39:01.0000000	disliked
688	271873	asking for favors	2017-08-15T21:39:01.0000000	disliked
689	271873	MONOPOLY	2017-08-15T21:39:01.0000000	liked
690	271873	DRIVERS WHO DON'T SIGNAL	2017-08-15T21:39:01.0000000	hated
691	271873	spotify premium	2017-08-15T21:39:01.0000000	liked
692	640810	amsterdam	2017-08-15T21:38:46.0000000	liked
693	640810	SPIN CLASS	2017-08-15T21:38:46.0000000	disliked
694	640810	anne hathaway	2017-08-15T21:38:46.0000000	liked
695	640810	dirty clothes	2017-08-15T21:38:46.0000000	disliked
696	640810	"when people text ""k"""	2017-08-15T21:38:46.0000000	disliked
697	640810	no shave november	2017-08-15T21:38:46.0000000	liked
698	640810	martin shkreli	2017-08-15T21:38:46.0000000	skipped
699	640810	THE SMELL OF FISH	2017-08-15T21:38:46.0000000	disliked
700	640810	change	2017-08-15T21:38:46.0000000	liked
701	640810	WETTING THE TOOTHBRUSH BEFORE BRUSHING	2017-08-15T21:38:46.0000000	liked
702	640810	destination weddings	2017-08-15T21:38:46.0000000	liked
703	640810	botox	2017-08-15T21:38:46.0000000	disliked
704	640810	adult coloring books	2017-08-15T21:38:46.0000000	liked
705	640810	movies where the dog dies	2017-08-15T21:38:46.0000000	disliked
706	640810	watching sports	2017-08-15T21:38:45.0000000	liked
707	640810	people who don't like dessert	2017-08-15T21:38:45.0000000	hated
708	640810	subtweeting	2017-08-15T21:38:45.0000000	disliked
709	640810	jon stewart	2017-08-15T21:38:45.0000000	skipped
710	640810	WHEN SOMEONE ELSE TAKES THE FRY I MENTALLY CLAIMED	2017-08-15T21:38:45.0000000	disliked
711	640810	malls	2017-08-15T21:38:45.0000000	disliked
712	640810	roommates	2017-08-15T21:38:45.0000000	liked
713	640810	CHESS	2017-08-15T21:38:45.0000000	liked
714	640810	potato salad	2017-08-15T21:38:45.0000000	hated
715	640810	THE DMV	2017-08-15T21:38:45.0000000	disliked
716	640810	mustard on hot dogs	2017-08-15T21:38:45.0000000	hated
717	640810	twizzlers pull and peel	2017-08-15T21:38:45.0000000	disliked
718	640810	butter on movie popcorn	2017-08-15T21:38:45.0000000	liked
719	640810	getting hair cuts	2017-08-15T21:38:45.0000000	disliked
720	640810	drifting	2017-08-15T21:38:45.0000000	disliked
721	640810	car sex	2017-08-15T21:38:45.0000000	liked
722	640810	helen keller jokes	2017-08-15T21:38:45.0000000	disliked
723	640810	apple maps	2017-08-15T21:38:45.0000000	disliked
724	640810	FOAM PITS	2017-08-15T21:38:45.0000000	liked
725	640810	exaggerating	2017-08-15T21:38:45.0000000	disliked
726	640810	ripped jeans	2017-08-15T21:38:45.0000000	disliked
727	640810	PUGS	2017-08-15T21:38:45.0000000	disliked
728	640810	bob dylan	2017-08-15T21:38:45.0000000	skipped
729	640810	Abercrombie & Fitch	2017-08-15T21:38:45.0000000	disliked
730	640810	SARDINES	2017-08-15T21:38:45.0000000	disliked
731	640810	plastic bags	2017-08-15T21:38:45.0000000	disliked
732	640035	BURNING MAN	2017-08-15T21:38:44.0000000	liked
733	640035	THAT '70S SHOW	2017-08-15T21:38:44.0000000	liked
734	640035	magic	2017-08-15T21:38:44.0000000	liked
735	640035	the ice bucket challenge	2017-08-15T21:38:44.0000000	disliked
736	640035	playing on my phone on the toilet	2017-08-15T21:38:44.0000000	disliked
737	640035	CHEST HAIR	2017-08-15T21:38:44.0000000	hated
738	640035	herschel backpacks	2017-08-15T21:38:44.0000000	loved
739	640035	people who start an instagram for their dog	2017-08-15T21:38:44.0000000	liked
740	640035	MARK CUBAN	2017-08-15T21:38:44.0000000	liked
741	640035	Saying sorry	2017-08-15T21:38:44.0000000	liked
742	640035	helping old people with technology	2017-08-15T21:38:44.0000000	loved
743	640035	makeup sex	2017-08-15T21:38:44.0000000	hated
744	640035	writing	2017-08-15T21:38:44.0000000	loved
745	640035	the passing of time	2017-08-15T21:38:44.0000000	disliked
746	640035	man caves	2017-08-15T21:38:44.0000000	liked
747	640035	PIZZA BAGELS	2017-08-15T21:38:44.0000000	hated
748	640035	wet band-aids	2017-08-15T21:38:44.0000000	disliked
749	640035	violent video games	2017-08-15T21:38:44.0000000	liked
750	640035	the EU	2017-08-15T21:38:44.0000000	liked
751	640035	50 shades of grey	2017-08-15T21:38:44.0000000	liked
752	636563	decorative gourds	2017-08-15T21:38:40.0000000	skipped
753	636563	BIRTHDAY PARTIES	2017-08-15T21:38:40.0000000	skipped
754	636563	multitasking	2017-08-15T21:38:40.0000000	liked
755	636563	people who are left handed	2017-08-15T21:38:40.0000000	disliked
756	636563	wet t-shirt contests	2017-08-15T21:38:40.0000000	liked
757	636563	antique shops	2017-08-15T21:38:40.0000000	skipped
758	636563	FIRE	2017-08-15T21:38:40.0000000	loved
759	636563	walking slowly	2017-08-15T21:38:40.0000000	skipped
760	636563	hacky sack	2017-08-15T21:38:40.0000000	disliked
761	636563	the cha cha slide	2017-08-15T21:38:40.0000000	disliked
762	636563	magic tricks	2017-08-15T21:38:40.0000000	skipped
763	636563	leggings as pants	2017-08-15T21:38:40.0000000	liked
764	636563	HOOTERS	2017-08-15T21:38:40.0000000	skipped
765	636563	silicon valley on hbo	2017-08-15T21:38:40.0000000	liked
766	636563	receiving advice from someone else	2017-08-15T21:38:40.0000000	skipped
767	636563	iced coffee in the winter	2017-08-15T21:38:40.0000000	skipped
768	636563	FOOD STANDS	2017-08-15T21:38:40.0000000	skipped
769	636563	new orleans	2017-08-15T21:38:40.0000000	skipped
770	636563	BITING ICE CREAM	2017-08-15T21:38:40.0000000	skipped
771	636563	buying the expensive toilet paper	2017-08-15T21:38:40.0000000	liked
772	636563	street preachers	2017-08-15T21:38:40.0000000	skipped
773	636563	spitting	2017-08-15T21:38:40.0000000	skipped
774	636563	BAD WIFI	2017-08-15T21:38:40.0000000	hated
775	636563	comedians	2017-08-15T21:38:40.0000000	skipped
776	636563	waiting in line	2017-08-15T21:38:40.0000000	skipped
777	636563	FOLDING LAUNDRY	2017-08-15T21:38:40.0000000	liked
778	636563	tiny plates of food	2017-08-15T21:38:40.0000000	skipped
779	636563	sunglasses at night	2017-08-15T21:38:40.0000000	skipped
780	636563	Florida	2017-08-15T21:38:40.0000000	skipped
781	636563	selena gomez	2017-08-15T21:38:40.0000000	skipped
782	636563	SAYING CHEERS BEFORE DRINKING	2017-08-15T21:38:40.0000000	skipped
783	636563	HEARING THE LATEST GOSSIP	2017-08-15T21:38:40.0000000	skipped
784	636563	DUST	2017-08-15T21:38:40.0000000	skipped
785	636563	mowing the lawn	2017-08-15T21:38:40.0000000	skipped
786	636563	COMPETITIVE PEOPLE	2017-08-15T21:38:40.0000000	skipped
787	636563	celebrating anniversaries	2017-08-15T21:38:40.0000000	skipped
788	636563	complicated coffee orders	2017-08-15T21:38:40.0000000	skipped
789	636563	SLIDING IN SOCKS	2017-08-15T21:38:40.0000000	skipped
790	636563	flaming hot cheetos	2017-08-15T21:38:40.0000000	skipped
791	636563	couples that wear matching clothing	2017-08-15T21:38:40.0000000	skipped
792	640464	COUNTRY MUSIC	2017-08-15T21:38:40.0000000	hated
793	640704	NICOLAS CAGE	2017-08-15T21:38:32.0000000	loved
794	640704	zumba	2017-08-15T21:38:32.0000000	skipped
795	640704	anyone hotter than me	2017-08-15T21:38:32.0000000	skipped
796	640704	STEPPING ON A LEGO	2017-08-15T21:38:32.0000000	hated
797	640704	cigarettes	2017-08-15T21:38:32.0000000	liked
798	640704	private browsing	2017-08-15T21:38:32.0000000	liked
799	640704	video games	2017-08-15T21:38:32.0000000	liked
800	640704	extremism	2017-08-15T21:38:32.0000000	liked
801	640704	SNL	2017-08-15T21:38:32.0000000	hated
802	640704	water parks	2017-08-15T21:38:32.0000000	hated
803	640704	the wilderness	2017-08-15T21:38:32.0000000	liked
804	640704	shia labeouf	2017-08-15T21:38:32.0000000	liked
805	640704	goose bumps	2017-08-15T21:38:32.0000000	liked
806	640704	rage quitting	2017-08-15T21:38:32.0000000	liked
807	640704	itchy sweaters	2017-08-15T21:38:32.0000000	skipped
808	640704	james franco	2017-08-15T21:38:32.0000000	liked
809	640704	juice cleanses	2017-08-15T21:38:32.0000000	skipped
810	640704	"""LOL"""	2017-08-15T21:38:32.0000000	disliked
811	640704	Power Rangers	2017-08-15T21:38:32.0000000	liked
812	640704	car sex	2017-08-15T21:38:32.0000000	liked
813	640704	being single	2017-08-15T21:38:32.0000000	disliked
814	640704	black socks	2017-08-15T21:38:32.0000000	liked
815	640704	candy crush	2017-08-15T21:38:32.0000000	hated
816	640704	WHEN THE PERSON IN FRONT OF YOU DOESN'T HOLD THE DOOR	2017-08-15T21:38:32.0000000	disliked
817	640704	SPONGEBOB SQUAREPANTS	2017-08-15T21:38:32.0000000	liked
818	640704	swimming in cold water	2017-08-15T21:38:32.0000000	disliked
819	640704	plain food	2017-08-15T21:38:32.0000000	disliked
820	640704	football	2017-08-15T21:38:32.0000000	skipped
821	640704	fitness trainers	2017-08-15T21:38:32.0000000	skipped
822	640704	FEMINISM	2017-08-15T21:38:32.0000000	liked
823	640704	supplements	2017-08-15T21:38:32.0000000	skipped
824	640704	giant beards	2017-08-15T21:38:32.0000000	skipped
825	640704	TANDEM BIKES	2017-08-15T21:38:32.0000000	skipped
826	640704	humidity	2017-08-15T21:38:32.0000000	hated
827	640704	FIRST DATES	2017-08-15T21:38:32.0000000	liked
828	617341	sunglasses at night	2017-08-15T21:38:29.0000000	disliked
829	640877	watery salsa	2017-08-15T21:38:28.0000000	skipped
830	640877	twizzlers pull and peel	2017-08-15T21:38:28.0000000	skipped
831	640877	SPIDERS	2017-08-15T21:38:28.0000000	hated
832	640877	EATING HEALTHY	2017-08-15T21:38:28.0000000	skipped
833	640877	thongs	2017-08-15T21:38:28.0000000	disliked
834	640877	berlin	2017-08-15T21:38:28.0000000	skipped
835	640877	electric daisy carnival	2017-08-15T21:38:28.0000000	skipped
836	640877	fail videos	2017-08-15T21:38:28.0000000	liked
837	640877	line cutters	2017-08-15T21:38:28.0000000	skipped
838	640877	receiving advice from someone else	2017-08-15T21:38:28.0000000	disliked
839	640877	clutter	2017-08-15T21:38:28.0000000	skipped
840	640877	waiting until the laundry situation is dire	2017-08-15T21:38:28.0000000	skipped
841	640877	messy rooms	2017-08-15T21:38:28.0000000	skipped
842	640877	martha stewart	2017-08-15T21:38:28.0000000	skipped
843	640877	burkinis	2017-08-15T21:38:28.0000000	skipped
844	640877	NECK TATTOOS	2017-08-15T21:38:28.0000000	liked
845	640877	HUMMUS	2017-08-15T21:38:28.0000000	skipped
846	640877	WHEN SOMEONE WINKS AT YOU	2017-08-15T21:38:28.0000000	loved
847	640877	DINOSAURS	2017-08-15T21:38:28.0000000	loved
848	640877	sam smith	2017-08-15T21:38:28.0000000	skipped
849	640877	being on time for flights	2017-08-15T21:38:28.0000000	skipped
850	640877	CHINESE TAKEOUT	2017-08-15T21:38:28.0000000	hated
851	640877	SLOW WALKERS	2017-08-15T21:38:28.0000000	hated
852	640877	airplane sex	2017-08-15T21:38:28.0000000	skipped
853	640877	YOYOS	2017-08-15T21:38:28.0000000	liked
854	640877	slow drivers	2017-08-15T21:38:28.0000000	hated
855	640877	national parks	2017-08-15T21:38:28.0000000	loved
856	640877	teddy bears	2017-08-15T21:38:28.0000000	skipped
857	640877	food trucks	2017-08-15T21:38:28.0000000	liked
858	640877	CLOWNS	2017-08-15T21:38:28.0000000	hated
859	640877	MYSELF	2017-08-15T21:38:28.0000000	skipped
860	640877	bud light	2017-08-15T21:38:28.0000000	skipped
861	640877	body odor	2017-08-15T21:38:28.0000000	hated
862	640877	hacksaw ridge' the movie	2017-08-15T21:38:28.0000000	skipped
863	640877	trump's tweets	2017-08-15T21:38:28.0000000	hated
864	640877	birth control pills	2017-08-15T21:38:28.0000000	loved
865	640877	FLIRTING	2017-08-15T21:38:28.0000000	liked
866	640877	MY BEST FRIEND	2017-08-15T21:38:28.0000000	skipped
867	640877	Bill O'Reilly	2017-08-15T21:38:28.0000000	skipped
868	640877	space jam	2017-08-15T21:38:28.0000000	skipped
869	509219	michael kors bags	2017-08-15T21:38:27.0000000	hated
870	509219	losing jewelry	2017-08-15T21:38:27.0000000	hated
871	509219	saying cheese during a picture	2017-08-15T21:38:27.0000000	hated
872	639379	income inequality	2017-08-15T21:38:19.0000000	loved
873	640770	meeting the parents	2017-08-15T21:38:17.0000000	liked
874	640077	COCONUT WATER	2017-08-15T21:38:16.0000000	skipped
875	640077	INGLORIOUS BASTERDS	2017-08-15T21:38:16.0000000	skipped
876	640077	driving while buzzed	2017-08-15T21:38:16.0000000	hated
877	640077	"""fuckboys"""	2017-08-15T21:38:16.0000000	skipped
878	640077	traveling alone	2017-08-15T21:38:16.0000000	skipped
879	640077	dating someone shorter than me	2017-08-15T21:38:16.0000000	skipped
880	640077	DOING THE DISHES	2017-08-15T21:38:16.0000000	disliked
881	640077	voss water	2017-08-15T21:38:16.0000000	skipped
882	640077	super fans	2017-08-15T21:38:16.0000000	skipped
883	640077	jello shots	2017-08-15T21:38:16.0000000	skipped
884	640077	"girls who say they are ""one of the guys"""	2017-08-15T21:38:16.0000000	skipped
885	640077	jennifer lawrence	2017-08-15T21:38:16.0000000	skipped
886	640077	film festivals	2017-08-15T21:38:16.0000000	skipped
887	640077	being the third-wheel	2017-08-15T21:38:16.0000000	skipped
888	640077	FISH STICKS	2017-08-15T21:38:16.0000000	disliked
889	640077	"saying, ""i love you"""	2017-08-15T21:38:16.0000000	skipped
890	640077	chocolate chip pancakes	2017-08-15T21:38:16.0000000	liked
891	640077	bohemian rhapsody sing-alongs	2017-08-15T21:38:16.0000000	skipped
892	640077	ART DEGREES	2017-08-15T21:38:16.0000000	skipped
893	640077	taking notes	2017-08-15T21:38:16.0000000	skipped
894	640077	tom cruise	2017-08-15T21:38:16.0000000	skipped
895	640077	national parks	2017-08-15T21:38:16.0000000	skipped
896	640077	spelling errors	2017-08-15T21:38:16.0000000	skipped
897	640077	naps	2017-08-15T21:38:16.0000000	skipped
898	640077	massages	2017-08-15T21:38:16.0000000	skipped
899	640077	trap music	2017-08-15T21:38:16.0000000	skipped
900	640077	kombucha	2017-08-15T21:38:16.0000000	skipped
901	640077	playing music during sex	2017-08-15T21:38:16.0000000	skipped
902	640077	incense	2017-08-15T21:38:16.0000000	liked
903	640077	strawberry ice cream	2017-08-15T21:38:16.0000000	skipped
904	640077	Pesticides on food	2017-08-15T21:38:16.0000000	skipped
905	640077	dirty clothes	2017-08-15T21:38:16.0000000	skipped
906	640077	PUMPKIN PIE	2017-08-15T21:38:16.0000000	skipped
907	640077	hacky sack	2017-08-15T21:38:16.0000000	skipped
908	640077	car sex	2017-08-15T21:38:16.0000000	skipped
909	640077	botox	2017-08-15T21:38:16.0000000	skipped
910	640865	candy corn	2017-08-15T21:38:15.0000000	skipped
911	640865	flannel	2017-08-15T21:38:15.0000000	skipped
912	640865	PETA	2017-08-15T21:38:15.0000000	skipped
913	640865	rob lowe	2017-08-15T21:38:15.0000000	skipped
914	640865	bubble tea	2017-08-15T21:38:15.0000000	skipped
915	640865	people who start an instagram for their baby	2017-08-15T21:38:15.0000000	skipped
916	640865	settlers of catan	2017-08-15T21:38:15.0000000	skipped
917	640865	ping pong	2017-08-15T21:38:15.0000000	skipped
918	640865	chris pratt	2017-08-15T21:38:15.0000000	skipped
