	userid	sex	orientation	age	minageinterest	maxageinterest	location_latitude	location_longitude	maxdistanceinterest	likedby
0	2	male	homosexual	21	18	18	40.7128	-74.0059	10	0.22222199999999998
1	535544	male	heterosexual	28	18	80	33.51603257	-117.758372	30	0.170732
2	640900	male	heterosexual	20	18	22	0.0	0.0	50	0.0
3	640901	female	heterosexual	20	18	80	52.0703769	-1.3650915609999998	30	0.0
4	640898	male	heterosexual	24	18	80	0.0	0.0	30	0.0
5	640899	female	homosexual	18	18	80	0.0	0.0	30	0.0
6	640897	male	heterosexual	39	18	80	59.31917484	18.03377233	30	0.0
7	640896	male	heterosexual	22	18	30	34.23299599	-84.5416214	40	0.0
8	640895	male	heterosexual	35	18	80	40.06647091	-75.01246222	10	0.0
9	640894	male	heterosexual	26	18	29	34.07403862	-84.29710304	30	0.0
10	640893	male	heterosexual	33	18	80	32.99949836	-97.02219213	40	0.0
11	640892	male	heterosexual	20	18	21	39.11605361	-121.54028980000001	30	0.0
12	640887	female	heterosexual	23	22	80	52.38990335	4.88032405	30	0.0
13	640891	female	heterosexual	20	20	37	37.85928763	-94.03638376	-1	0.833333
14	640888	male	heterosexual	26	18	80	47.24001414	6.018041615	-1	0.0
15	640890	male	homosexual	26	23	32	0.0	0.0	-1	0.0
16	640884	male	heterosexual	24	18	80	30.24977756	-97.89698479	30	0.0
17	640885	male	heterosexual	33	18	80	40.68746694	-111.91385109999999	30	0.0
18	640883	male	heterosexual	25	18	80	25.02707088	121.5297598	30	0.0
19	640882	female	heterosexual	18	18	80	35.91268193	-78.50692313	30	0.0
20	640881	male	heterosexual	30	18	80	44.858951	-93.22697101	30	0.0
21	640876	female	heterosexual	20	18	80	39.18474958	-77.26675886	30	0.5
22	640879	female	homosexual	25	23	30	40.44360166	-89.03049509999998	30	0.0
23	640878	male	heterosexual	45	27	50	40.98183257	-117.53875079999999	200	0.0
24	640877	female	bisexual	24	18	35	50.77317611	3.886017883	100	0.5
25	640873	female	heterosexual	19	18	34	29.20274531	-80.99938096	30	0.666667
26	640870	male	heterosexual	24	21	39	41.76072684	-72.72389622	50	0.0
27	640875	male	heterosexual	20	18	21	42.50693571	-70.89192915	30	0.0
28	640874	male	heterosexual	18	18	21	39.59185914	-75.68415884	15	0.0
29	640872	male	heterosexual	34	18	80	33.3705228	-95.68520184	30	0.0
30	640867	male	heterosexual	17	1	17	27.05221453	-82.43194814	-1	0.14285699999999998
31	640869	female	heterosexual	31	18	80	42.10029006	-70.76437985	30	0.5
32	640868	male	heterosexual	18	18	19	0.0	0.0	-1	0.25
33	640866	male	heterosexual	19	18	80	37.97789838	-122.0447831	30	0.0
34	640865	female	homosexual	41	30	51	40.39298312	-78.41499777	-1	0.0
35	640855	male	heterosexual	12	1	17	40.71538094	-111.8394199	-1	0.0
36	640864	male	homosexual	19	18	80	40.78528576	-76.86884235	30	0.0
37	640863	male	heterosexual	17	1	17	24.88049175	67.04109011	-1	0.0
38	640819	male	heterosexual	55	49	68	0.0	0.0	-1	0.0
39	640862	female	heterosexual	22	21	25	39.99623599	-76.65199179999999	30	1.0
40	640861	male	heterosexual	23	18	80	39.50175005	-94.62783138	30	0.0
41	640858	male	heterosexual	22	18	80	41.77520715	-83.5755142	10	1.0
42	640859	male	heterosexual	23	18	28	41.14695439	-73.27057054	30	0.0
43	640856	male	heterosexual	23	18	80	52.34444863	16.87248868	30	0.0
44	640854	female	heterosexual	28	18	80	0.0	0.0	30	0.0
45	640852	male	heterosexual	22	18	80	30.30304469	-97.68278968	30	0.0
46	640853	male	heterosexual	20	18	80	40.82137313	-73.90808209	30	0.0
47	640851	male	heterosexual	24	18	49	42.36331445	-71.05960438	30	0.5
48	640850	male	heterosexual	19	18	20	42.08380594	-70.87972137	65	0.0
49	640825	male	heterosexual	34	24	34	42.31597851	-71.20987173	50	0.0
50	640848	male	heterosexual	15	1	17	37.98819086	-122.3254435	-1	0.0
51	640846	female	heterosexual	24	21	31	41.04485172	29.00113381	25	0.75
52	640849	male	heterosexual	34	25	45	39.95113749	-75.17952304	5	0.0
53	640845	male	heterosexual	30	18	40	41.81047455	-71.41320117	100	0.2
54	640844	female	heterosexual	28	25	39	30.5552997	-97.6682965	30	0.0
55	640843	female	heterosexual	20	22	28	37.48247498	-122.20060690000001	15	1.0
56	640841	female	bisexual	18	18	80	30.16100241	-97.65028807	30	0.5
57	640842	male	heterosexual	23	18	24	40.76404392	-111.8229989	30	0.0
58	640823	male	heterosexual	31	18	80	33.09361437	-117.25384629999999	30	0.0
59	640840	female	heterosexual	27	18	80	37.00853864	-121.5723571	30	0.666667
60	640839	male	heterosexual	24	18	80	38.5750146	-121.49284320000001	40	0.0
61	640837	male	heterosexual	19	18	80	34.08117360000001	-118.40969679999999	30	0.0
62	640833	male	heterosexual	25	18	45	32.91808789	-79.88713338	30	0.0
63	640826	female	heterosexual	29	18	80	48.86796124	2.373575025	30	1.0
64	640830	male	heterosexual	20	18	80	0.0	0.0	30	0.0
65	640831	male	heterosexual	24	18	80	40.75630358	-73.97907607	30	0.0
66	640828	male	heterosexual	24	18	80	42.43387934	-71.04396693	-1	0.14285699999999998
67	640824	male	heterosexual	19	18	23	60.02792666	24.34218335	30	0.0
68	640821	female	bisexual	21	18	80	0.0	0.0	30	0.0
69	640817	male	heterosexual	21	18	35	37.76119575	-121.4626581	35	0.0
70	640818	male	heterosexual	30	18	80	39.11952614	-76.61523458	30	0.0
71	640820	male	heterosexual	21	18	80	0.0	0.0	-1	0.0
72	640816	male	heterosexual	24	18	27	34.138164399999994	-118.2341682	5	0.0
73	640815	male	heterosexual	18	18	21	-23.5290883	-46.67558046	10	0.0
74	640813	female	heterosexual	30	27	40	49.11759404	8.598525825	45	0.25
75	640814	male	heterosexual	49	18	80	0.0	0.0	-1	0.14285699999999998
76	640807	male	heterosexual	21	18	80	38.97947238	-76.48567115	30	0.0
77	640812	male	heterosexual	28	18	80	37.90654327	-122.06635370000001	30	0.0
78	640811	male	heterosexual	24	18	80	-37.81311507	145.1818356	30	0.0
79	640810	male	heterosexual	21	18	23	39.81567907	-86.39619249	30	0.0
80	640809	female	heterosexual	27	26	34	37.02779272	-121.59676850000001	45	0.0
81	640803	female	heterosexual	15	1	17	40.57939103	-80.42481234	-1	0.352941
82	640806	male	heterosexual	22	18	80	0.0	0.0	30	0.0
83	640797	female	heterosexual	19	18	27	39.80583501	-86.00100599	30	1.0
84	640804	male	heterosexual	24	18	80	42.09498211	-71.37290853	30	1.0
85	640802	male	heterosexual	21	18	27	50.94105399	3.2842478230000003	20	1.0
86	640801	female	heterosexual	18	18	19	31.78357519	-97.57752398	-1	0.642857
87	640798	female	heterosexual	18	18	80	51.00427018	3.8750409560000003	30	0.857143
88	640800	female	heterosexual	32	27	44	30.07477551	-81.50187544	35	0.666667
89	640795	male	heterosexual	19	18	30	39.34639275	-101.6970527	70	0.0
90	640789	female	heterosexual	17	1	17	42.52782335	-84.06397581	-1	0.263158
91	640794	female	homosexual	17	1	17	52.24964459	0.8280749820000001	-1	0.0
92	640793	female	bisexual	19	18	80	40.88834938	-74.11653187	30	0.857143
93	640790	male	heterosexual	28	22	30	51.49734821	7.337530945	30	0.0
94	640788	female	heterosexual	23	18	35	45.54295262	-73.54873141	30	0.0
95	640786	male	heterosexual	18	18	80	49.48178505	8.443149722000001	30	0.0
96	640784	male	heterosexual	36	18	80	25.28500682	55.3587824	90	0.0
97	640782	male	heterosexual	20	18	80	39.88030832	-75.54297468	30	0.0
98	640785	male	heterosexual	20	18	80	28.97237729	-95.34294138	40	0.0
99	640783	female	heterosexual	18	18	80	48.12390688	-122.1704996	30	1.0
100	640781	female	bisexual	17	1	17	26.02021218	-80.26603715	-1	0.580645
101	640780	female	heterosexual	22	22	28	50.9115373	6.944374304	15	0.6
102	640779	male	heterosexual	19	18	80	39.27082092	-80.38611654	30	0.0
103	640774	female	heterosexual	30	18	80	47.575869	-117.6689368	30	0.0
104	640777	male	heterosexual	28	18	42	-23.59555763	-46.670120399999995	30	0.0
105	640775	male	heterosexual	28	18	34	47.241088899999994	8.822776759	15	0.0
106	640772	female	heterosexual	18	18	80	47.11089742	-122.42758130000001	30	0.0
107	640770	female	heterosexual	14	1	17	42.52771641	-84.06401594	-1	0.6
108	640773	male	heterosexual	21	18	80	40.83837048	-74.39026252	30	0.0
109	640771	female	heterosexual	23	23	32	0.0	0.0	30	1.0
110	640765	female	heterosexual	34	18	80	51.21789646	6.782421214	30	0.555556
111	640766	male	heterosexual	36	18	80	58.86629846	5.569511885	30	0.0
112	640768	female	heterosexual	28	26	35	52.51514977	13.40820765	6	0.5
113	640763	female	heterosexual	22	20	44	0.0	0.0	-1	0.557971
114	640764	male	heterosexual	26	18	80	39.00447153	-121.83548970000001	30	0.0
115	640762	female	heterosexual	27	25	32	54.67991041	9.213190876	50	0.0
116	640758	female	heterosexual	29	18	80	26.17266767	-81.77007062	30	0.75
117	640760	male	heterosexual	34	22	33	42.21412802	-83.35375645	15	0.0
118	640759	female	heterosexual	33	37	44	40.98669351	29.11726771	8	1.0
119	640757	male	heterosexual	21	18	80	47.21930458	-122.29341380000001	30	0.0
120	640756	male	heterosexual	25	18	80	44.30865095	-69.96787766	30	0.0
121	640754	female	heterosexual	25	22	29	39.94226756	-75.15192137	15	0.8
122	640753	male	heterosexual	24	18	56	42.14319113	-72.57436834	30	0.0
123	640750	female	bisexual	20	18	80	42.14111105	-88.03392705	30	0.545455
124	640752	female	homosexual	24	18	80	47.41092063	-122.2148739	75	0.0
125	640751	male	heterosexual	23	18	80	-36.85479697	174.75945	5	0.0
126	640748	male	heterosexual	16	1	17	42.85728124	-70.92068352	-1	0.19230799999999998
127	640749	male	heterosexual	21	18	80	36.14894564	-95.93910751	40	0.0
128	640746	male	heterosexual	28	18	41	0.0	0.0	30	0.0
129	640744	male	heterosexual	45	18	80	38.54607657	-121.33727079999998	30	0.0
130	640745	female	heterosexual	34	30	39	51.45052606	0.000551252	50	0.416667
131	640735	male	heterosexual	18	18	20	32.97146809	-80.02523976	40	0.0
132	640742	male	homosexual	23	18	80	-2.8900695130000003	-79.01009058	-1	0.44444399999999995
133	640729	male	heterosexual	24	18	80	32.39310452	-88.69675712	150	0.0
134	640741	female	heterosexual	30	18	80	59.92756748	10.75279136	30	0.636364
135	640737	male	heterosexual	18	18	19	38.90797173	-77.38490615	10	0.0
136	640740	female	heterosexual	21	18	40	37.24140162	-121.85983229999998	-1	0.655405
137	640739	female	heterosexual	19	18	80	40.78243478	-74.15226527	30	0.8620690000000001
138	640691	male	heterosexual	19	18	80	26.75506788	-80.07059613	50	0.25
139	640733	male	heterosexual	42	33	45	36.05604078	-115.1489862	30	0.0
140	640732	male	heterosexual	31	18	80	25.0706115	55.13642671	30	0.0
141	640731	male	heterosexual	21	18	80	33.94501941	-83.37154558	30	0.0
142	640730	female	heterosexual	18	18	21	54.71158744	55.96148931	-1	0.935484
143	640728	female	heterosexual	24	18	80	35.49304975	-80.20987339	30	0.0
144	640727	male	heterosexual	24	20	26	37.99526218	-122.1217898	40	0.0
145	640720	male	homosexual	21	18	80	0.0	0.0	-1	0.428571
146	640722	female	heterosexual	27	24	40	34.03920632	-118.2613638	20	0.727273
147	640723	female	heterosexual	24	23	32	44.11327768	5.212466104	30	0.0
148	640726	male	heterosexual	21	18	25	30.44091514	-90.4951439	25	0.0
149	640725	male	heterosexual	30	21	80	41.21256807	-79.38739805	50	0.0
150	640724	male	heterosexual	27	18	80	22.81162029	-82.76103549999999	-1	0.0
151	640721	male	heterosexual	26	18	80	47.65110924	-122.3107549	30	0.0
152	640717	female	heterosexual	18	18	80	33.45766223	-94.05269402	30	0.0
153	640719	male	heterosexual	37	18	80	48.893061700000004	2.322255017	30	0.0
154	640715	male	heterosexual	30	18	80	42.32341942	-83.09821740000001	9	0.0
155	640716	female	heterosexual	33	29	40	50.90962329999999	6.960166811000001	30	0.25
156	640714	male	heterosexual	30	18	80	0.0	0.0	30	0.0
157	640713	male	heterosexual	25	21	26	19.0938409	73.01546048	-1	0.11111099999999999
158	640712	male	heterosexual	20	18	25	35.3654139	-77.95645583	35	0.0
159	640710	male	heterosexual	20	18	80	29.2142925	-98.81298506	30	0.0
160	640711	female	homosexual	22	18	80	34.75304784	-86.55000927	55	0.0
161	640703	male	heterosexual	21	18	80	43.30085077	-70.98197413	30	0.0
162	640708	male	heterosexual	26	18	80	19.7164142	-155.0686261	30	0.0
163	640706	male	heterosexual	25	18	80	33.63896346	-112.39456899999999	30	0.0
164	640709	female	bisexual	19	19	34	37.19691466	-93.29064907	100	1.0
165	640707	female	heterosexual	26	24	34	41.96307244	-87.99407088	20	0.714286
166	640705	male	heterosexual	25	18	80	38.84243882	-104.9041985	30	0.0
167	640699	female	heterosexual	21	18	80	62.46208508	6.285586585	30	1.0
168	640704	male	heterosexual	25	18	25	40.99896594	29.03617332	5	0.0
169	640702	female	homosexual	25	18	80	26.00632039	-80.20320108	30	0.0
170	640700	female	heterosexual	22	18	80	39.28489923	-76.72657412	30	0.538462
171	640697	male	homosexual	19	18	80	44.85622758	-93.31046921	30	0.0
172	640698	male	heterosexual	25	18	80	32.28815871	-110.7696688	-1	0.1
173	640684	female	heterosexual	29	18	80	41.13723302	-72.3207704	30	0.692308
174	640694	male	heterosexual	49	60	80	0.0	0.0	-1	0.0
175	640696	male	heterosexual	22	18	27	52.04891742	5.659002065	20	0.166667
176	640695	male	heterosexual	19	18	21	42.21969723	-70.94827972	30	0.0
177	640689	male	heterosexual	17	1	17	0.0	0.0	-1	0.25
178	640693	male	heterosexual	25	18	80	31.33462588	-92.36985029	-1	0.055555600000000004
179	640690	female	bisexual	18	18	80	40.62141155	-111.88892240000001	30	0.0
180	640687	male	heterosexual	20	18	80	39.91411105	-75.24179007	30	0.0
181	640688	female	heterosexual	24	18	80	39.35984016	-76.69866842	30	0.8461540000000001
182	640683	male	heterosexual	22	18	26	35.90829159	-79.05110047	60	0.0
183	640679	female	heterosexual	18	18	23	0.0	0.0	-1	0.722222
184	640686	male	heterosexual	21	18	80	34.10883864	-84.54203445	30	0.0
185	640682	female	heterosexual	24	18	33	-41.14221331	-71.29645241	30	0.0
186	640685	female	heterosexual	32	25	42	40.80084234	-83.50601474	50	1.0
187	640380	female	heterosexual	22	20	45	54.73945671	56.02209206	-1	0.902299
188	640681	male	heterosexual	21	18	28	35.52157833	-81.01874956	30	0.0
189	640678	female	heterosexual	36	18	80	34.9451747	-89.94379155	30	1.0
190	640676	female	heterosexual	24	18	80	55.75548774	37.47118063	30	0.0
191	640675	female	heterosexual	31	18	80	36.004977600000004	-83.86038846	30	0.0
192	640674	male	heterosexual	27	18	80	0.0	0.0	30	0.0
193	640671	female	bisexual	23	18	80	0.0	0.0	30	0.0
194	640669	female	heterosexual	18	18	20	40.70628144	-73.44214992	10	0.433962
195	640673	male	heterosexual	22	18	80	44.94630042	-89.60651714	30	0.0
196	640672	male	heterosexual	26	22	31	48.83074611	2.32129522	15	0.0
197	640668	male	heterosexual	45	18	80	47.56326111	-122.16780449999999	30	0.0
198	640670	male	heterosexual	20	18	24	4.675095006	-74.04433101	15	0.0
199	640667	female	heterosexual	18	18	80	0.0	0.0	30	0.0
200	640665	female	heterosexual	19	18	80	34.25709171	-83.56419989	30	0.375
201	640663	male	heterosexual	29	18	80	22.27679742	73.20399768	30	0.0
202	640650	female	bisexual	24	18	80	51.40664766	0.013316736000000001	30	0.75
203	640662	male	heterosexual	22	18	80	42.96083538	-71.49304739	30	0.0
204	640661	female	heterosexual	20	19	25	49.28421646	-123.10829840000002	30	0.0
205	640660	female	heterosexual	19	18	80	59.11976144	9.646120921	30	0.666667
206	640653	male	heterosexual	47	18	80	35.71772403	-78.81150774	30	0.0
207	640659	male	heterosexual	20	18	27	59.39912527	5.302112752	-1	0.473684
208	640658	female	heterosexual	17	1	17	41.88761626	-83.783428	-1	0.44736800000000004
209	640657	male	heterosexual	18	18	21	0.0	0.0	-1	0.315789
210	640656	female	heterosexual	48	18	55	10.69107152	-61.51853657	65	0.0
211	640655	male	heterosexual	18	18	80	30.16659473	-81.72825547	30	0.0
212	640648	female	heterosexual	30	18	80	47.50136627	19.05100521	30	0.0
213	640652	male	heterosexual	21	18	46	35.10152481	-106.6334094	40	0.0
214	640649	male	heterosexual	19	18	31	40.10153082	-85.73307212	25	0.0
215	640646	female	bisexual	18	18	80	55.79384079	37.48386424	120	0.0
216	640647	male	heterosexual	19	18	25	32.52296573	-85.11322808	30	0.0
217	640645	male	heterosexual	18	18	80	-23.66598197	-46.69573041	45	0.0
218	640643	female	heterosexual	27	21	36	41.51345212	-72.12294648	40	0.583333
219	640644	male	heterosexual	51	18	80	32.96006625	-96.82145199	30	0.0
220	640621	female	heterosexual	29	18	80	41.9739964	-87.65427296	30	0.785714
221	640642	female	heterosexual	21	18	29	35.07401176	-84.04729773	200	0.0
222	640640	male	heterosexual	62	58	75	5.69562254	-0.10779787	-1	0.0
223	640639	male	heterosexual	23	18	80	31.33238588	-89.42862217	-1	0.259259
224	640638	female	heterosexual	20	18	80	43.95991004	-89.81370545	30	0.333333
225	640637	male	heterosexual	19	18	34	40.63552324	-79.85316918	50	0.0
226	640636	male	heterosexual	33	18	80	35.48238846	-80.99437101	30	0.0
227	640635	female	heterosexual	21	18	80	0.0	0.0	30	0.0
228	640634	male	heterosexual	28	18	80	41.247834000000005	-80.74651594	30	0.0
229	640633	female	heterosexual	26	18	80	-34.59326755	-58.44441671	30	1.0
230	640632	female	bisexual	24	18	80	0.0	0.0	30	0.0
231	640628	female	homosexual	24	18	80	0.0	0.0	30	0.0
232	640631	male	heterosexual	23	18	80	53.58773409	-7.353051547000001	30	0.0
233	640630	male	heterosexual	41	18	80	43.38086135	-79.75276521	30	0.0
234	640629	female	heterosexual	36	30	41	0.0	0.0	50	0.0
235	640627	male	heterosexual	41	18	80	29.76369589	-95.41891671	30	0.0
236	640626	male	heterosexual	21	18	80	39.56652009	-119.80895559999999	30	0.0
237	640624	male	heterosexual	25	18	80	21.80871816	-102.3003976	30	0.0
238	640623	male	heterosexual	27	18	38	40.75289588	-73.87747347	15	0.0
239	640622	male	homosexual	27	18	80	0.0	0.0	-1	0.454545
240	640620	female	heterosexual	26	18	80	0.0	0.0	30	1.0
241	640619	female	heterosexual	21	18	23	-22.90850554	-47.04617838	4	0.0
242	640618	male	heterosexual	19	18	80	59.33363451	17.988801199999997	30	0.0
243	640617	female	heterosexual	50	54	64	33.78291773	35.9902069	-1	0.0
244	640615	male	heterosexual	27	18	80	0.0	0.0	-1	0.0
245	640616	male	heterosexual	25	18	80	55.73064859	37.60419449	30	0.0
246	640614	male	heterosexual	35	18	42	40.48019822	-106.8238981	85	0.0
247	640612	male	heterosexual	22	18	30	25.71178254	-100.2233306	10	0.0
248	640610	female	heterosexual	32	25	36	38.56879126	-90.43371318	30	0.0
249	640609	female	heterosexual	33	40	80	7.667721267999999	5.225383295	-1	0.590909
250	640606	male	heterosexual	25	18	80	-23.73934254	-46.69165449	30	0.0
251	640604	male	heterosexual	51	29	66	34.68207909	-99.91463221	-1	0.625
252	640602	female	heterosexual	27	30	80	43.67486717	-70.29789849	30	0.0
253	640603	female	bisexual	33	18	80	33.79931266	-117.9672585	30	0.533333
254	640599	male	heterosexual	36	18	49	22.31375077	114.16503270000001	30	0.0
255	640601	male	heterosexual	24	18	29	40.68927965	-73.81166197	200	0.0
256	640600	female	heterosexual	44	18	80	40.43631415	-79.99721992	30	0.0
257	640597	female	heterosexual	18	18	80	29.77056085	-95.70805539	30	0.7
258	640598	male	heterosexual	29	18	40	11.85651347	-15.58618203	-1	0.035714300000000004
259	640593	male	heterosexual	16	1	17	53.31436452	-6.405043211000001	-1	0.74359
260	474281	male	heterosexual	28	18	30	26.7207288	-80.04992701	30	0.0
261	640592	male	heterosexual	26	18	29	39.4922453	-88.15549013	80	1.0
262	640595	male	heterosexual	24	18	80	40.71748629	-74.30559665	30	0.0
263	640587	female	heterosexual	17	1	17	0.0	0.0	-1	0.21739099999999997
264	640591	male	heterosexual	17	1	17	0.0	0.0	-1	0.0810811
265	640589	male	homosexual	19	18	80	0.0	0.0	30	0.0
266	640588	male	heterosexual	25	18	80	30.09138808	-90.49073305	30	0.0
267	640586	male	heterosexual	20	18	22	25.01887909	121.4611249	30	0.0
268	640581	male	heterosexual	26	18	34	40.53384487	-79.64710743	50	0.0
269	640584	male	heterosexual	18	18	80	40.15987256	-110.4249744	-1	0.030302999999999997
270	640582	male	heterosexual	21	20	24	40.04696565	32.89373833	-1	0.13333299999999998
271	640583	female	homosexual	23	18	28	-23.47323682	-46.66323098	7	0.0
272	640579	male	heterosexual	24	18	80	38.6018748	-121.3310878	30	0.0
273	640580	male	heterosexual	24	18	80	24.44735059	54.74480155	-1	0.0384615
274	640578	male	heterosexual	22	18	34	4.854388008	-74.04930312	30	0.0
275	640574	male	heterosexual	18	18	19	27.45217455	-82.43164869	25	0.0
276	640573	male	heterosexual	21	18	80	40.41901101	-79.97451383	30	0.0
277	640575	male	heterosexual	19	18	31	37.01977558	-86.36394395	85	0.0
278	640572	female	bisexual	25	18	80	0.0	0.0	30	0.0
279	640571	male	heterosexual	32	18	80	40.67944979999999	-73.98682062	30	0.0
280	640568	male	heterosexual	20	18	80	33.56760045	-7.672068884	30	0.0
281	640567	male	heterosexual	35	18	80	0.0	0.0	30	0.0
282	640566	male	heterosexual	22	18	80	32.24143238	-110.95597439999999	30	0.0
283	640565	male	heterosexual	33	20	38	59.91407039	10.8225687	30	1.0
284	640563	male	heterosexual	29	20	39	30.68765428	-95.53234702	60	0.0
285	640554	male	heterosexual	63	48	68	37.979209600000004	-122.0731245	50	0.0
286	640562	female	heterosexual	27	25	36	59.942178399999996	10.76062673	20	0.333333
287	640560	male	bisexual	18	18	24	14.77081829	121.05650459999998	90	0.7288140000000001
288	640561	female	heterosexual	19	18	22	37.42372608	-81.00709429	30	0.0
289	640558	male	heterosexual	23	18	40	28.02436932	-81.71624671	30	1.0
290	640559	male	heterosexual	18	18	80	52.39631495	13.07856141	30	0.0
291	640556	male	heterosexual	34	18	41	37.73595708	-92.11725939	-1	0.216216
292	640555	male	heterosexual	24	18	40	59.87827786	10.85438163	30	0.5
293	640552	male	heterosexual	20	18	80	46.76945152	-2.042990032	100	0.0
294	640551	male	heterosexual	24	18	34	36.58530858	-87.31572862	45	0.0
295	640550	male	heterosexual	20	18	80	42.25179976	-71.08289145	30	0.0
296	640548	male	heterosexual	39	18	80	45.04097052	7.644695485	30	0.0
297	640549	male	heterosexual	22	18	80	33.51817288	-82.05201983	30	0.0
298	640547	male	heterosexual	21	18	80	19.38294087	-70.60441238	-1	0.0625
299	640546	male	heterosexual	18	18	23	35.51725702	-108.7754914	-1	0.09677419999999999
300	640545	female	heterosexual	28	28	59	6.45748481	-2.31977289	-1	0.717391
301	640544	female	homosexual	15	1	17	0.0	0.0	-1	0.294118
302	640543	male	heterosexual	25	18	80	26.58436464	-81.95097427	30	0.0
303	640542	female	heterosexual	23	18	80	29.70096929	-95.39290711	30	0.8
304	640541	female	bisexual	20	18	25	47.6401977	-122.6350466	30	0.636364
305	640540	male	heterosexual	21	18	21	42.74393218	-71.32237986	25	1.0
306	640539	male	heterosexual	21	18	23	59.44474613	9.083644738	30	0.5
307	640538	male	heterosexual	25	18	80	43.63929502	-116.27556090000002	30	0.0
308	640537	female	heterosexual	35	18	80	26.19779713	127.6689488	85	0.0
309	640534	female	heterosexual	31	28	40	52.23101969	21.01191285	-1	0.52
310	640536	female	bisexual	24	24	58	39.88429769	25.06349944	180	0.571429
311	640535	male	homosexual	24	18	39	59.92096945	10.73087214	60	0.0
312	640533	male	heterosexual	18	18	80	39.0974773	-77.28259384	30	0.166667
313	640532	male	heterosexual	22	18	80	40.36683464	-74.12623557	30	0.0
314	640531	female	heterosexual	28	18	80	53.69898461	-2.689600492	30	1.0
315	640528	male	heterosexual	21	18	22	29.59662791	-95.39590217	30	0.0
316	640530	male	heterosexual	28	18	38	36.20883657	-95.88637242	45	0.0
317	640529	female	heterosexual	22	20	28	39.38776086	-104.91473149999999	30	0.4
318	640527	female	heterosexual	19	18	23	35.56131813	-82.54766331	20	0.0
319	640526	male	heterosexual	29	18	29	59.91268363	10.76132368	30	0.666667
320	640513	female	bisexual	19	18	80	41.17711553	-73.18716451	30	0.725
321	640523	male	heterosexual	26	19	29	32.97694199	-97.16005	30	0.0
322	640519	female	heterosexual	27	18	80	0.0	0.0	-1	0.8361200000000001
323	640521	male	heterosexual	105	18	80	47.61322828	-122.3202871	-1	0.0
324	640520	female	heterosexual	25	18	80	-33.73973631	151.2802519	30	0.8
325	640517	male	heterosexual	26	20	30	-34.074891799999996	150.7902274	70	0.0
326	640515	male	heterosexual	20	18	23	41.56047181	-87.78269298	25	0.5
327	640507	female	homosexual	21	18	80	26.23384858	-98.27506876	-1	0.776119
328	640516	male	heterosexual	46	18	80	38.07200542	46.30339843	30	0.0
329	640514	female	bisexual	20	18	80	40.28563346	-75.38682234	30	0.709677
330	640511	male	heterosexual	38	31	59	40.76580319	-73.97903709	55	0.0
331	640509	male	heterosexual	16	1	17	38.88316346	-82.97997119	-1	0.268293
332	640510	male	homosexual	32	18	80	50.2391514	12.83967613	90	1.0
333	640501	female	heterosexual	22	21	25	51.74827953	8.046393644	180	0.9
334	640508	female	heterosexual	28	23	45	38.59111059	-89.99070913	10	0.25
335	640506	female	heterosexual	26	18	80	-34.83427036	-56.13689364	30	0.0
336	640504	female	heterosexual	18	18	28	17.40991315	102.7709309	-1	0.8390799999999999
337	640502	male	heterosexual	21	18	25	31.88539283	-81.59979913	20	0.0
338	640503	male	heterosexual	24	18	80	39.02183831	-77.45710633	30	0.5
339	640500	male	heterosexual	22	18	80	33.90360502	-117.903451	30	0.166667
340	640499	male	heterosexual	19	18	22	40.83513679	-81.38754294	25	1.0
341	640470	female	heterosexual	25	18	80	39.05831194	-77.10895543	30	0.9
342	640497	male	heterosexual	21	18	80	41.22470729	-73.90883782	30	0.0
343	640496	male	heterosexual	19	18	21	-36.2603375	143.3476965	100	0.0
344	640495	male	heterosexual	27	18	80	23.07782149	120.58425690000001	30	0.0
345	640493	female	heterosexual	33	18	80	0.0	0.0	-1	0.794425
346	640494	male	heterosexual	33	18	80	59.74177469	30.09853738	30	0.0
347	640487	male	heterosexual	22	18	22	19.4027884	-99.13330092	3	0.0
348	640488	male	heterosexual	18	18	80	-33.39373567	149.0866631	200	0.307692
349	640490	male	heterosexual	18	18	80	41.73031513	-86.25244205	30	0.5
350	640489	female	heterosexual	20	18	24	0.0	0.0	-1	0.621495
351	640485	female	heterosexual	17	1	17	33.22034638	-96.65440090000001	-1	0.583333
352	640486	male	heterosexual	21	18	50	41.10595823	-80.6496453	30	0.0
353	640484	female	heterosexual	30	18	80	0.0	0.0	30	0.0
354	640483	female	bisexual	21	18	80	40.02990369	-83.04559667	30	0.857143
355	640481	female	heterosexual	27	26	32	40.75303214	-73.99194203	10	0.74359
356	640480	female	heterosexual	39	29	49	33.90819487	-84.80248708	25	0.8
357	640464	female	bisexual	19	18	80	39.36420153	-76.66056847	30	0.75
358	640478	male	heterosexual	23	19	29	42.61287125	-70.6836036	30	0.0
359	640477	male	heterosexual	23	18	29	39.96821436	-75.52777975	30	0.0
360	640476	male	heterosexual	27	18	32	40.94875125	-73.98536894	30	0.166667
361	640474	male	bisexual	19	18	80	0.0	0.0	30	0.0
362	640475	female	heterosexual	30	18	80	0.0	0.0	-1	0.63754
363	640473	male	heterosexual	21	18	80	30.02085573	31.22814986	-1	0.0652174
364	640465	male	heterosexual	25	18	80	40.42257295	-79.96329361	30	0.0
365	640472	male	heterosexual	26	18	80	44.81793374	20.45946405	30	1.0
366	640471	male	heterosexual	29	18	80	29.375078100000003	-98.43756571	45	0.0
367	640469	male	heterosexual	16	1	17	43.71598194	-79.32977924	-1	0.0
368	640468	male	heterosexual	22	18	80	22.48279414	113.9271768	30	0.0
369	640467	male	heterosexual	36	25	44	51.47991976	-0.01107812	30	0.0
370	640463	male	heterosexual	42	18	80	30.07659142	31.109903399999997	30	0.0
371	640462	male	heterosexual	39	18	40	57.69866972	11.92669388	30	0.0
372	640461	female	heterosexual	29	18	80	0.0	0.0	30	0.0
373	640460	male	heterosexual	22	18	80	40.44420989	-3.6517110130000003	30	0.0
374	640457	male	heterosexual	18	18	22	40.67186357	-73.73864156	5	0.0
375	640459	female	heterosexual	22	22	27	41.56927752	-83.71526368	15	0.0
376	640458	female	heterosexual	29	30	45	1.33988788	103.7901459	30	0.0
377	640456	female	bisexual	19	18	29	0.0	0.0	30	1.0
378	640454	male	heterosexual	31	18	80	30.388168800000003	-86.4834316	30	0.0
379	640453	female	heterosexual	21	20	29	35.07314006	-80.85276937	30	0.125
380	640451	male	heterosexual	23	18	80	38.09553449	-77.28486837	30	0.0
381	640452	male	heterosexual	21	18	45	32.32744735	-90.30132187	-1	0.0612245
382	640450	male	heterosexual	32	18	42	34.09959104	-117.6879014	35	0.0
383	640449	male	heterosexual	19	18	80	-33.79632728	151.0078877	30	0.0
384	640448	male	heterosexual	25	20	30	30.27308792	-97.73353939	30	0.0
385	640447	male	heterosexual	21	18	80	30.00164478	31.12173255	-1	0.173077
386	640444	male	heterosexual	25	18	80	-12.09956444	-77.03308334	30	0.0
387	640442	male	heterosexual	27	18	41	-31.47828525	117.59518670000001	-1	0.24242399999999997
388	640441	male	heterosexual	20	18	24	40.07926645	-104.9289303	40	0.0
389	640440	male	heterosexual	29	18	80	36.75350170000001	-76.23766048	30	0.0
390	640439	male	heterosexual	22	18	25	50.41086213	2.941724573	30	0.0
391	634132	female	heterosexual	18	18	19	39.97869681	-75.57714604	20	0.4
392	640436	male	heterosexual	34	18	80	0.0	0.0	-1	0.0909091
393	640435	male	heterosexual	29	18	80	41.80231805	44.82520974	70	0.0
394	640431	male	heterosexual	22	18	80	29.58145284	-95.24572585	30	0.0
395	640434	male	heterosexual	27	18	80	-37.70823416	145.0583339	6	0.0
396	640432	male	heterosexual	18	18	27	36.24771294	-76.22109666	-1	0.08888889999999999
397	640433	male	heterosexual	23	18	80	40.76422464	-73.81225873	-1	0.047619
398	640429	male	heterosexual	24	18	80	41.55689112	-93.79904913	30	0.0
399	640428	female	heterosexual	27	18	80	36.07351793	-115.1957248	30	1.0
400	640430	female	heterosexual	24	24	35	41.174392700000006	-73.19883728	30	0.352941
401	640427	male	heterosexual	23	20	50	38.79534752	-77.05435671	30	0.25
402	640425	female	heterosexual	27	18	80	44.19165538	28.62414595	30	1.0
403	640424	male	heterosexual	28	21	36	40.77575261	-73.90897546	8	0.0
404	640422	male	heterosexual	23	18	80	25.033945000000003	121.4986918	30	0.0
405	640421	male	heterosexual	20	19	21	39.17757767	-84.66700997	25	0.0
406	640418	female	heterosexual	21	20	24	35.47024361	-83.32678228	30	0.666667
407	640416	male	heterosexual	20	18	80	35.74233093	-86.64991505	30	0.0
408	640415	male	heterosexual	20	18	25	38.82021369	-77.28888969	15	0.14285699999999998
409	640414	male	heterosexual	29	18	80	51.50046415	0.031687964	30	0.333333
410	640412	male	heterosexual	37	18	80	0.0	0.0	-1	0.07142860000000001
411	640411	male	heterosexual	19	18	80	49.50125053	11.27425532	30	0.0
412	640410	male	heterosexual	31	22	37	40.71818542	-74.01222229	20	0.0
413	640408	female	heterosexual	29	24	39	11.56465284	104.9267375	-1	0.5149699999999999
414	640407	female	heterosexual	23	21	29	-32.32625328	115.75296440000001	75	0.0
415	640406	male	heterosexual	20	18	56	0.0	0.0	-1	0.592593
416	640405	male	heterosexual	27	22	35	40.84064124	-74.20878107	30	0.0
417	640404	female	heterosexual	19	18	23	0.0	0.0	15	0.0
418	640403	male	heterosexual	31	18	80	33.84575107	-84.37094328	30	0.0
419	640402	male	heterosexual	26	18	80	0.0	0.0	30	0.0
420	640399	male	heterosexual	35	18	80	25.62977071	-80.38023048	30	0.0
421	640397	male	heterosexual	31	18	80	42.30670237	-71.14715591	30	0.0
422	640395	male	heterosexual	20	18	21	41.08885423	-73.47572408	10	0.0
423	640393	male	heterosexual	21	18	22	30.27691636	-81.74669742	5	0.0
424	640392	male	heterosexual	25	18	24	-38.0307488	145.2818922	4	0.0
425	640391	female	heterosexual	28	18	80	34.17868219	-118.36147290000001	30	0.527778
426	640390	male	heterosexual	21	18	80	0.0	0.0	-1	0.0526316
427	640389	male	heterosexual	24	18	80	39.85372815	-104.6693029	30	0.0
428	640388	male	heterosexual	32	21	37	37.30001394	-79.9428972	90	0.0
429	640386	male	heterosexual	27	18	80	59.36251475	17.87046992	30	0.0
430	640383	male	heterosexual	21	18	80	32.6196963	-116.9809088	30	0.0
431	640385	female	homosexual	23	18	80	0.0	0.0	-1	0.227273
432	640384	male	heterosexual	20	18	26	33.79455979	-84.32423355	30	0.0
433	640381	female	heterosexual	39	18	80	36.77947579	-76.11987521	30	0.2
434	640379	male	heterosexual	36	18	80	0.0	0.0	-1	0.0
435	640377	male	heterosexual	22	18	80	48.10262454	11.59630925	-1	0.0566038
436	640378	male	heterosexual	19	18	80	29.87138548	-95.62791197	30	0.0
437	640373	female	bisexual	23	18	80	0.0	0.0	-1	0.590517
438	640376	female	bisexual	26	21	35	21.318008600000002	-157.85415930000002	50	0.333333
439	640374	male	heterosexual	20	18	80	32.55967796	-116.6395904	30	0.0
440	640372	male	heterosexual	21	18	80	59.28304414	11.11709275	30	0.0
441	640363	female	heterosexual	34	29	39	40.80666233	28.83052673	30	0.777778
442	640370	male	heterosexual	20	18	80	30.54215523	-97.82601311	30	0.0
443	640369	male	heterosexual	21	18	80	40.67182974	-111.8381132	15	0.0
444	640367	male	heterosexual	23	18	80	33.93134028	-117.97372040000002	30	0.333333
445	480306	female	homosexual	26	18	30	58.36632753	11.8917217	-1	0.333333
446	640355	male	heterosexual	27	18	31	20.92747336	-156.3668874	80	0.0
447	640366	male	heterosexual	19	18	24	34.65229308	-98.9517209	-1	0.188406
448	640364	male	heterosexual	32	18	80	43.00404807	-89.49938817	30	0.0
449	640365	female	heterosexual	26	25	34	34.22379611	-119.07541470000001	20	0.5
450	640362	male	heterosexual	26	18	80	41.06671783	28.99603607	55	0.0
451	640360	female	heterosexual	36	29	39	0.0	0.0	-1	0.43518500000000004
452	640361	male	heterosexual	24	18	80	36.12481866	-86.77600649	30	0.5
453	640358	male	heterosexual	18	18	25	37.78880897	-121.23679969999999	30	0.2
454	640359	male	heterosexual	37	27	37	40.65039094	-74.00233908	20	0.0
455	640357	male	heterosexual	19	18	42	30.24998743	-87.69981206	65	0.0
456	640356	male	heterosexual	20	18	23	39.68231753	-104.7683686	30	0.0
457	640354	male	heterosexual	17	1	17	40.61781603	-111.84825009999999	-1	0.446809
458	640353	male	heterosexual	23	18	80	37.30952174	13.58887451	-1	0.10526300000000001
459	640352	male	heterosexual	27	18	80	13.12815451	80.12146225	30	0.025641000000000004
460	640351	male	heterosexual	21	18	22	-37.77434963	144.92245259999999	15	0.0
461	640350	female	heterosexual	28	27	36	37.524388099999996	-122.29570009999999	50	0.375
462	640348	female	heterosexual	33	18	80	40.83450758	-73.91481335	30	0.5222220000000001
463	640349	female	heterosexual	30	35	45	35.72816931	51.31453077	75	0.0
464	640347	male	heterosexual	40	18	28	36.29292298	-119.17522269999999	-1	0.136364
465	640346	male	heterosexual	31	18	80	-33.87141319	151.18136	30	0.0
466	640345	male	heterosexual	21	18	80	38.43529601	-121.31513000000001	30	0.5
467	640343	female	heterosexual	16	1	17	32.7980362	-117.1743971	-1	0.777778
468	640341	male	heterosexual	20	18	80	34.25827778	-118.4785985	30	0.0
469	640340	male	heterosexual	25	18	35	-34.96809331	138.54789780000002	130	0.0
470	640339	male	heterosexual	19	18	80	41.55295762	-87.72656442	30	0.0
471	640338	male	heterosexual	22	18	21	-32.55202244	151.82240090000002	30	0.0
472	640336	female	bisexual	18	18	24	-38.01965591	145.1113532	5	0.833333
473	640333	female	heterosexual	27	18	80	47.80293719	-116.8942814	-1	0.497561
474	640335	female	bisexual	20	18	25	32.79741253	-97.18444115	40	0.785714
475	640334	female	heterosexual	25	21	31	-37.14168558	175.5459976	75	0.5
476	640332	male	heterosexual	19	18	80	38.97326381	-104.6331345	30	0.0
477	640331	female	bisexual	22	18	28	0.0	0.0	30	0.0
478	640329	male	heterosexual	24	18	80	3.0762821160000002	101.71934909999999	30	0.0
479	640330	male	heterosexual	24	18	28	-27.42327822	153.04311230000002	30	0.0
480	640328	male	heterosexual	25	18	80	32.99830288	-96.7003334	30	0.0
481	640327	male	heterosexual	20	18	30	35.09146098	-81.85917196	30	0.0
482	640325	male	heterosexual	20	18	22	56.11395333	10.15809691	30	0.0
483	640324	male	heterosexual	29	18	80	47.51497249	-95.3682245	-1	0.10638299999999999
484	640323	male	heterosexual	25	18	26	0.0	0.0	40	0.0
485	640322	female	heterosexual	23	19	27	0.0	0.0	-1	0.46006400000000003
486	640321	male	heterosexual	38	21	35	37.44908786	-122.16160490000001	8	0.5
487	640319	male	heterosexual	30	18	30	34.0689537	-118.25040049999998	30	0.0
488	640317	male	heterosexual	21	18	80	41.54732816	-90.25420921	-1	0.07272730000000001
489	640316	male	heterosexual	25	18	80	22.1278525	113.5436169	30	0.0
490	640315	male	heterosexual	33	18	48	59.91737606	10.76924568	8	0.0
491	640314	male	heterosexual	39	18	80	36.552183500000005	-89.96258979	170	0.2
492	640310	male	heterosexual	34	25	35	40.61630471	-75.32112582	30	0.0
493	640308	female	heterosexual	17	1	17	39.80227292	-105.1159608	-1	0.6582279999999999
494	640309	male	heterosexual	20	18	80	32.96755244	-96.58121869	45	0.5
495	640307	male	heterosexual	20	18	80	33.18147692	-96.91835088	30	0.0
496	640306	male	heterosexual	18	18	80	42.44406055	-83.21280565	-1	0.055555600000000004
497	640304	male	heterosexual	23	18	80	32.62117943	-117.02168449999999	30	0.0
498	640305	male	heterosexual	24	18	26	34.11992295	-117.23228290000002	40	0.0
499	640302	female	heterosexual	17	1	17	37.62763669	-122.4005504	-1	0.6323529999999999
500	640303	female	heterosexual	15	1	17	40.18345041	-105.1432933	-1	0.45588199999999995
501	640301	male	heterosexual	26	18	80	37.91568721	-122.3082223	30	0.25
502	640300	female	bisexual	19	18	30	38.12380224	-81.11833355	30	0.5
503	640299	male	heterosexual	27	18	80	40.6873081	-73.92722684	30	0.0
504	640298	male	heterosexual	22	18	80	35.315038200000004	-119.04579679999999	35	0.5
505	640297	female	bisexual	18	18	80	39.98953825	-86.00068422	30	0.0
506	640294	male	heterosexual	25	18	80	34.07633297	-118.21624579999998	30	0.0
507	640293	male	heterosexual	18	18	80	29.75078638	-95.84685038	30	0.0
508	640295	male	heterosexual	34	18	40	40.63422102	-111.8592205	30	1.0
509	640288	male	homosexual	22	18	80	41.55602021	-73.05849201	30	0.0
510	640287	female	homosexual	19	18	80	29.50048876	-95.76736573	30	0.0
511	640291	male	heterosexual	24	18	80	38.0319315	-84.51117984	30	0.5
512	640289	male	heterosexual	21	18	80	28.52268478	-81.27320742	30	0.0
513	640284	male	heterosexual	24	18	80	22.25469782	-97.83507490000001	40	0.0
514	640282	male	heterosexual	20	18	80	36.95655823	-86.47392273	30	0.0
515	640278	male	heterosexual	17	1	17	52.98025193	-2.195892382	-1	0.37096799999999996
516	640281	male	heterosexual	27	21	30	32.94544591	-96.63065237	30	0.0
517	640280	male	heterosexual	18	18	19	48.21896414	-116.5762789	50	0.0
518	640276	female	heterosexual	31	18	80	1.524657416	103.78660759999998	30	0.0
519	640277	female	heterosexual	40	18	80	0.0	0.0	-1	0.671348
520	640272	male	heterosexual	29	18	80	19.34535006	-98.97455163	8	0.0
521	640271	female	heterosexual	18	18	23	41.15026939	-73.48825365	-1	0.953125
522	640270	female	heterosexual	18	18	80	40.58357321	-73.93589643	30	0.8846149999999999
523	640264	male	heterosexual	26	18	80	35.707060600000005	139.7689332	40	0.0
524	640269	male	heterosexual	24	18	80	42.50770961	-92.43649139	-1	0.33928600000000003
525	640268	male	heterosexual	22	18	80	35.22037127	-88.37537267	50	0.0
526	640256	female	heterosexual	21	18	35	36.12440918	-115.08802630000001	40	0.666667
527	640266	male	heterosexual	28	18	80	0.0	0.0	30	0.0
528	640259	male	heterosexual	19	18	80	30.06454349	-85.58726294	5	0.0
529	640252	female	heterosexual	23	25	35	38.22863833	-104.61564109999999	70	0.5
530	640262	male	homosexual	24	24	80	39.57167576	-75.47250606	-1	0.272727
531	640260	male	heterosexual	23	18	29	39.18285889	-86.53730841	20	0.0
532	640255	female	heterosexual	18	18	80	40.25024819	-111.64450659999999	30	0.714286
533	640258	male	heterosexual	19	18	22	38.9993024	-84.37468897	50	0.0
534	640257	male	heterosexual	50	18	80	34.3787064	-118.54282140000001	50	0.0
535	640253	female	bisexual	21	18	24	32.62684236	-117.0908996	-1	0.837607
536	640251	male	heterosexual	24	18	80	33.41812871	-87.00418737	30	0.0
537	640244	female	heterosexual	18	18	80	32.75130264	-117.09890320000001	30	0.375
538	640250	male	heterosexual	19	18	21	-27.70488885	153.1765631	35	0.0
539	640249	female	heterosexual	19	18	26	46.94643565	-122.586101	40	0.625
540	640247	male	heterosexual	26	18	41	38.76619211	-90.54132098	30	0.0
541	640246	male	heterosexual	31	18	80	19.37432565	-99.16787566	30	0.0
542	640245	male	heterosexual	25	20	30	35.392531899999994	-77.96890545	30	0.0
543	640241	female	heterosexual	22	18	80	37.33865483	-121.98979650000001	30	0.6
544	640243	male	heterosexual	20	19	24	35.42229445	-97.07631982	30	1.0
545	640242	male	heterosexual	25	18	38	26.22890793	-80.15727997	100	0.666667
546	640240	male	homosexual	18	18	80	36.97952847	-86.49649673	-1	0.5217390000000001
547	640229	female	bisexual	27	24	34	49.23285356	-123.0894278	30	0.0
548	640232	male	homosexual	17	1	17	47.50279396	-111.28878619999999	-1	0.5
549	640235	male	heterosexual	29	18	80	14.11488543	-87.20668894	-1	0.025
550	640234	female	heterosexual	34	18	42	46.77439178	-96.85424889	45	0.5
551	640230	male	heterosexual	19	18	35	-0.19471354	-78.42453176	-1	0.318182
552	640231	male	heterosexual	23	18	30	30.87791049	75.86417545	45	0.0
553	640224	female	bisexual	18	18	20	30.28724507	-98.03969573	30	0.666667
554	640225	male	heterosexual	21	18	80	38.91689966	-94.74336745	30	0.0
555	640222	male	heterosexual	28	20	33	45.50561293	-122.73652109999999	30	0.5
556	640219	male	heterosexual	20	18	30	47.65879952	-122.3200136	15	0.2
557	640215	male	heterosexual	16	1	17	44.50425079	-88.07560653	-1	0.116667
558	640216	female	heterosexual	22	18	80	42.045814	-88.03810637	30	0.685714
559	640217	female	heterosexual	19	18	21	33.79638638	-117.9062147	30	0.785714
560	640200	female	heterosexual	19	18	23	47.61806326	-122.19046750000001	50	0.8125
561	640220	female	heterosexual	21	18	80	26.22846558	-98.36562786	30	0.0
562	640212	female	heterosexual	36	18	80	34.0271222	-118.51115109999999	30	0.5
563	640213	male	heterosexual	34	18	80	35.64890929	-105.9530222	65	0.14285699999999998
564	640214	male	heterosexual	19	18	80	35.43553274	-97.68232488	30	0.0
565	640211	male	heterosexual	18	18	19	41.03712793	-83.62590711	25	0.0
566	640209	male	heterosexual	23	18	35	41.08970569	-111.9951705	35	0.0
567	640208	male	heterosexual	21	18	35	38.99941418	-77.41947067	25	0.2
568	640207	female	heterosexual	26	27	37	37.77376682	-122.4095233	20	0.8235290000000001
569	640203	male	homosexual	18	18	80	0.0	0.0	30	0.0
570	640206	male	heterosexual	25	18	80	34.41056297	-119.6970976	30	0.0
571	640204	male	heterosexual	18	18	80	32.84165244	-97.19802019	30	0.0
572	640199	male	homosexual	24	18	80	40.69245797	-111.8752885	30	0.0
573	640205	male	heterosexual	19	18	80	39.78272648	-84.23267011	30	0.5
574	640202	male	heterosexual	22	18	27	39.99397871	-74.27622437	30	0.0
575	640195	female	heterosexual	22	20	31	34.72686715	-86.63669369	60	0.777778
576	640201	male	heterosexual	24	18	80	33.87923789	-118.381239	30	0.0
577	640198	female	heterosexual	27	27	36	34.06274079	-118.3825051	25	0.791667
578	640197	male	heterosexual	20	18	25	47.37961225	-122.74659340000001	50	0.0
579	640178	female	heterosexual	21	18	34	25.71570263	-100.347725	30	1.0
580	640196	male	heterosexual	20	18	80	0.0	0.0	30	0.0
581	640193	male	homosexual	24	18	80	42.23587286	-83.62971883	30	0.0
582	640192	male	heterosexual	47	18	62	37.308421100000004	-121.91560430000001	30	0.4
583	640189	male	heterosexual	33	18	80	59.93541131	10.72162351	30	0.0
584	640187	male	heterosexual	26	18	80	36.11568904	-86.71993316	30	0.0
585	640186	male	heterosexual	17	1	17	40.65812638	-73.91688986	-1	0.112903
586	640185	female	heterosexual	21	18	24	-34.90384104	-57.92317634	30	1.0
587	640181	female	homosexual	45	18	44	30.61412955	-81.53484876	85	0.0
588	640171	male	heterosexual	16	1	17	0.0	0.0	-1	0.38983
589	640172	male	heterosexual	19	18	80	34.09185052	-117.4680148	30	0.0
590	640169	male	heterosexual	22	18	26	37.15084687	-76.56383324	130	0.0
591	640168	male	heterosexual	22	18	80	40.83612947	-73.85235796	30	0.0
592	640173	female	heterosexual	26	18	80	44.96882911	-89.62741379999999	30	0.833333
593	640159	female	heterosexual	20	18	80	40.36587263	-79.62357125	30	0.8888889999999999
594	640163	female	bisexual	19	18	80	34.73285589	-77.55172044	30	0.857143
595	640170	male	heterosexual	36	25	40	51.54564577	5.066849053	50	0.0
596	640164	female	heterosexual	20	18	25	38.40164969	-85.58050068	30	1.0
597	640167	male	heterosexual	19	18	23	34.38505668	-118.5806747	30	0.0
598	640145	male	heterosexual	15	1	17	39.37799535	-76.47779238	-1	0.349206
599	640166	male	heterosexual	23	18	80	35.0979208	-89.8909819	30	0.0
600	640155	male	heterosexual	20	18	30	46.20973223	-94.53864023	100	0.0
601	640161	male	heterosexual	23	18	26	42.76121316	-84.46407538	60	1.0
602	640160	female	heterosexual	31	25	41	39.66412981	-106.80748359999998	30	1.0
603	640138	male	heterosexual	18	18	80	34.95909554	-92.16622398	60	0.0
604	640154	female	heterosexual	27	18	80	0.0	0.0	-1	0.712598
605	640148	female	homosexual	18	18	80	41.25679533	-96.01477183	30	0.5
606	640149	male	heterosexual	26	18	80	48.90472498	-102.78030720000001	-1	0.06
607	640143	male	heterosexual	41	25	40	36.18587328	-86.72864529	100	0.0
608	640140	female	heterosexual	19	18	25	33.53809938	-101.9014893	50	1.0
609	640141	male	heterosexual	28	18	33	32.77430526	-96.93697129	35	0.0
610	640147	female	heterosexual	22	21	29	-30.01479268	-51.19912249	30	0.0
611	640144	female	bisexual	20	18	80	39.36894505	-75.14083316	45	0.941176
612	640139	female	homosexual	28	22	80	38.71183768	-90.38302401	-1	0.125
613	640142	female	heterosexual	24	18	80	0.0	0.0	30	0.0
614	640132	female	bisexual	19	18	26	40.38666371	-78.66794771	50	0.75
615	640137	male	heterosexual	17	1	17	-33.91366676	151.2520574	-1	0.15
616	640133	male	heterosexual	18	18	80	-23.96430088	-46.32461297	30	1.0
617	640135	female	heterosexual	21	18	80	40.70597026	-112.08902379999999	30	0.529412
618	640134	female	heterosexual	31	31	40	37.15710123	-121.6442675	30	1.0
619	640127	female	homosexual	24	18	80	39.14341938	-119.74178500000001	30	1.0
620	640128	male	heterosexual	26	18	80	0.0	0.0	-1	0.035714300000000004
621	640129	female	heterosexual	22	22	28	35.10574561	-92.49696679	30	0.5
622	640116	female	bisexual	17	1	17	42.17351475	-88.31940502	-1	0.27193
623	640120	female	heterosexual	26	18	80	14.561071100000001	120.99402849999998	30	0.0
624	640124	female	heterosexual	19	18	21	29.63395034	-98.47880206	30	0.714286
625	640125	female	heterosexual	22	20	29	33.24609518	-117.2344828	30	0.708333
626	640123	male	heterosexual	22	18	80	40.77265898	-73.95832813	30	0.0
627	640109	male	heterosexual	23	18	50	39.99689569	-76.34922529	45	0.0
628	640121	female	bisexual	23	23	40	4.737907197	-74.06103291	-1	0.8527399999999999
629	640106	female	heterosexual	29	18	80	0.0	0.0	-1	0.5408810000000001
630	640118	male	heterosexual	17	1	17	40.30402759	-75.10715028	-1	0.46031700000000003
631	640119	male	heterosexual	21	18	23	37.29674902	-79.89625552	30	0.0
632	640117	male	heterosexual	29	18	32	56.93342454	24.04221481	65	0.0
633	640111	male	heterosexual	18	18	19	39.15958409	-121.6355483	50	0.0
634	640115	male	heterosexual	21	18	23	41.01610881	-74.32736061	10	0.0
635	640112	male	heterosexual	19	18	80	40.99754183	-92.41786659	95	0.0
636	640114	male	heterosexual	44	29	45	40.71456393	-73.98735645	30	0.0
637	640105	female	heterosexual	20	18	80	39.52926046	-104.96026210000001	30	0.75
638	640104	female	heterosexual	26	18	80	41.81498921	-71.39381022	50	0.9444440000000001
639	640110	male	heterosexual	22	18	25	40.66891856	-73.84631769	30	0.25
640	640108	female	heterosexual	29	27	40	42.21581099	-83.16761145	30	0.818182
641	640084	female	homosexual	14	1	17	0.0	0.0	-1	0.333333
642	640103	male	heterosexual	24	18	29	41.90683329	-71.39685313	15	0.6
643	640100	female	heterosexual	17	1	17	37.13324265	-113.5152159	-1	0.44444399999999995
644	640096	male	heterosexual	21	18	23	42.49676751	-83.02279881	30	0.0
645	640097	male	heterosexual	20	18	80	38.31303156	-77.42187941	-1	0.24675300000000003
646	640099	male	heterosexual	23	18	80	40.62388087	-74.16180019	30	0.0
647	640098	male	heterosexual	20	18	34	37.19734609	-93.23729601	30	0.0
648	640093	male	heterosexual	24	22	37	35.80161457	-78.9083481	40	0.0
649	640090	female	heterosexual	29	25	34	0.0	0.0	-1	0.383333
650	640088	male	heterosexual	26	18	80	33.60794841	-117.83796459999999	30	0.25
651	640085	female	heterosexual	40	34	46	37.80557828	-122.40563059999998	15	0.3
652	640082	male	heterosexual	38	18	80	34.95155351	-80.99980498	30	0.0
653	640083	male	heterosexual	20	18	25	37.80032576	-122.24138970000001	8	0.166667
654	640080	female	heterosexual	32	29	44	37.77454172	-122.42187690000002	30	0.4
655	640081	male	heterosexual	21	19	25	44.05198379	-75.80455039	85	0.0
656	640077	male	heterosexual	28	18	80	34.28982445	-119.2218837	30	0.0
657	640079	female	heterosexual	34	18	80	33.56126951	-82.20485421	30	0.0
658	640078	female	heterosexual	20	20	30	34.06888443	-118.3851716	30	0.787234
659	640072	male	heterosexual	18	18	80	29.50296644	-98.57389562	30	0.0
660	639992	male	heterosexual	24	18	80	-35.18302462	143.35472140000002	-1	0.0597015
661	640076	male	heterosexual	26	18	34	40.74213684	-73.99090207	9	0.047619
662	640071	female	heterosexual	18	18	19	42.02571586	-87.88895649999999	30	1.0
663	640069	female	bisexual	19	18	80	0.0	0.0	30	0.25
664	640065	male	heterosexual	27	18	80	45.46225823	-73.56710811	30	0.0
665	640063	male	heterosexual	23	18	80	37.02848227	-76.30824164	-1	0.0746269
666	640067	male	heterosexual	20	18	80	35.67578582	-97.50053012	30	0.0
667	640066	male	heterosexual	22	18	80	45.82059308	-108.4540357	30	0.0
668	640064	male	heterosexual	24	18	30	42.21479091	-79.84186305	35	0.0
669	640062	male	heterosexual	21	18	26	31.47986542	-111.0218518	60	0.0
670	640061	male	heterosexual	23	18	80	-34.92207041	138.6037892	30	0.0
671	640059	male	heterosexual	21	18	22	33.85275107	-88.94852503	40	0.0
672	640034	male	heterosexual	21	19	23	28.23104536	-81.49976090000001	15	0.0
673	640057	female	bisexual	22	18	80	41.92672509	-87.64452986	-1	0.535878
674	640054	male	heterosexual	33	25	30	40.75274279	-73.97082593	5	0.0
675	640033	female	heterosexual	27	18	80	37.7725289	-122.4540987	30	0.787879
676	640053	female	heterosexual	25	24	29	47.67341955	-122.2060611	30	0.916667
677	640043	female	heterosexual	18	18	22	38.4766665	-121.4180638	50	0.47887299999999994
678	640052	male	heterosexual	30	18	80	11.00620034	-74.81505802	30	0.0
679	640038	female	heterosexual	57	54	63	0.0	0.0	60	0.0
680	640051	female	heterosexual	33	32	41	39.17059087	-121.642384	70	0.666667
681	640042	male	heterosexual	23	18	80	33.91646288	-118.0639217	30	0.0
682	640049	female	heterosexual	21	18	80	40.76336216	-73.98146440000001	30	0.642857
683	640037	male	heterosexual	31	18	80	35.84952839	-97.93234597	30	0.0
684	640046	male	heterosexual	26	22	39	40.75811166	-96.67229594	45	0.0
685	640045	female	heterosexual	22	21	39	40.54465439	-112.03822439999999	20	0.6
686	640044	female	heterosexual	25	24	35	37.55491953	-122.26752659999998	20	0.6875
687	640041	male	heterosexual	20	18	80	31.81607618	-106.41631310000001	30	0.0
688	640039	male	heterosexual	23	18	80	41.03387654	-74.14526094	30	0.0
689	640040	female	heterosexual	19	18	80	30.65583947	-88.18888183	30	0.28571399999999997
690	640017	male	heterosexual	26	18	80	39.37565618	-76.56963293	30	0.0
691	639818	male	heterosexual	19	18	24	39.63045141	-104.8131145	15	0.0
692	640036	male	homosexual	21	18	80	40.11694164	-74.08539285	30	0.0
693	640035	female	heterosexual	18	18	36	-12.03012623	-77.02464945	-1	0.546992
694	640032	male	heterosexual	18	18	30	39.54696032	-87.36086517	190	0.390244
695	640022	female	heterosexual	27	25	34	40.54527998	-111.9796814	50	0.714286
696	640029	male	heterosexual	23	18	80	34.08195601	-117.74598300000001	30	0.22222199999999998
697	640030	male	heterosexual	41	18	80	0.0	0.0	-1	0.170213
698	640028	female	heterosexual	28	18	80	47.33516261	-122.30260320000001	30	0.7391300000000001
699	640023	male	heterosexual	40	24	43	39.6193977	-104.805235	50	0.0
700	640031	male	heterosexual	19	18	80	-33.96266919	150.99977919999998	9	0.0
701	640027	male	heterosexual	22	18	80	41.97282672	-87.66078252	30	0.0
702	640026	female	heterosexual	22	18	80	35.17983854	-101.8601546	30	0.0
703	640025	male	heterosexual	23	18	80	42.38955832	-88.08988793	30	0.0
704	640024	female	heterosexual	24	23	30	37.036544799999994	-86.38679504	50	0.857143
705	640020	male	heterosexual	20	18	80	42.26274688	-71.49731982	30	0.25
706	640021	male	heterosexual	23	18	23	27.99242851	-82.69394654	50	0.0
707	640019	male	heterosexual	25	18	50	47.76190596	-122.25046770000002	30	0.2
708	640018	female	heterosexual	16	1	17	41.86185456	-71.57405084	-1	0.35897399999999996
709	640016	female	homosexual	24	21	30	45.66126921	-68.71305382	70	0.0
710	640015	female	heterosexual	22	18	80	39.44519586	-76.65397379	30	0.935484
711	640014	male	heterosexual	21	18	50	47.07863189	-122.5847812	25	0.0
712	640010	male	heterosexual	19	18	80	35.72637376	-86.33418447	30	0.0
713	640011	male	heterosexual	27	18	80	41.02643133	28.98188232	30	0.0
714	640007	male	heterosexual	32	23	36	39.00455436	-94.63342677	30	0.0
715	640009	male	heterosexual	27	18	80	30.44297054	-97.80038416	30	0.0
716	640006	male	heterosexual	24	21	30	38.32383985	-122.31273999999999	20	0.333333
717	640005	male	heterosexual	26	21	30	39.68685148	-75.66119842	20	0.0
718	639991	female	heterosexual	27	28	80	0.0	0.0	-1	0.859031
719	640000	male	heterosexual	21	18	21	39.42746988	-82.28133394	60	0.0
720	640001	male	heterosexual	20	18	80	41.54673869	-70.57714622	30	1.0
721	639995	male	heterosexual	25	18	30	25.45756966	-80.45723037	90	0.333333
722	639994	male	heterosexual	33	18	35	34.03141128	-118.49826780000001	25	0.181818
723	639993	female	heterosexual	23	22	38	29.68691389	-95.82724975	50	0.166667
724	639988	female	heterosexual	21	18	80	0.0	0.0	-1	0.773649
725	639990	female	heterosexual	24	22	35	33.531005	-101.893292	50	1.0
726	639986	male	heterosexual	20	18	80	35.37860421	-92.21540775	30	0.0
727	639984	female	heterosexual	18	18	80	33.85148339	-117.57828319999999	30	0.79661
728	639982	male	heterosexual	22	18	80	29.64959472	-82.32336507	35	0.0
729	639981	female	bisexual	19	18	80	43.104088	-76.14846963	30	0.3125
730	639985	female	heterosexual	22	22	29	33.37966671	-111.9391969	30	0.0909091
731	639987	male	heterosexual	28	18	80	30.49785665	-84.24738619	90	0.075
732	639980	female	heterosexual	20	18	80	31.24822341	-93.34264931	30	0.5
733	639979	female	bisexual	23	18	80	41.78114054	-87.5950111	30	0.659091
734	639978	male	heterosexual	19	18	80	64.82330731	-147.4535408	30	0.0
735	639973	male	heterosexual	25	18	80	32.74660286	-117.24898529999999	30	0.5
736	639974	female	bisexual	21	22	34	32.98364328	-96.90393861	-1	0.715569
737	639926	female	heterosexual	23	18	29	42.21140077	-88.07606452	55	0.5
738	639977	female	heterosexual	29	18	80	0.0	0.0	-1	0.56705
739	639975	female	heterosexual	28	24	40	41.56669334	-93.73313681	65	0.666667
740	639956	female	heterosexual	18	18	24	46.10215988	-88.55840620000001	55	1.0
741	639972	male	heterosexual	23	18	39	41.718859	-83.48606955	30	0.0
742	639971	male	heterosexual	26	18	30	33.73813525	-117.8348837	30	0.0
743	639963	male	heterosexual	30	18	26	35.20382998	-106.7298687	-1	0.0909091
744	639970	female	heterosexual	18	18	80	0.0	0.0	30	1.0
745	639969	female	heterosexual	24	19	35	0.0	0.0	-1	0.42616000000000004
746	639962	male	heterosexual	22	18	80	36.32882172	-75.81087325	30	0.0
747	639965	female	homosexual	22	19	28	29.68103374	-95.41441459	15	0.0
748	639950	female	heterosexual	21	18	31	43.15936461	-77.38247511	35	0.909091
749	639960	female	heterosexual	37	29	43	44.7378716	-67.38805684	30	0.0
750	639958	female	heterosexual	22	18	80	-15.67122001	-47.8502186	30	1.0
751	639951	male	heterosexual	25	20	29	41.94039208	-87.6532316	30	0.125
752	639954	male	heterosexual	20	18	80	38.98465679	-78.23167958	30	0.0
753	639953	male	heterosexual	20	18	80	41.94655523	-87.70155528	30	0.0
754	639952	female	homosexual	30	18	80	41.18740505	-74.03293203	20	0.333333
755	639945	female	bisexual	12	1	17	0.0	0.0	-1	0.5271319999999999
756	639944	male	heterosexual	24	18	80	-34.62833736	-58.36255575	30	0.0
757	639949	male	heterosexual	29	18	80	40.71708016	-73.834065	30	0.333333
758	639946	male	heterosexual	26	18	80	39.90897429	-105.08333629999998	30	0.0
759	639947	male	heterosexual	26	20	32	41.89721127	-87.77583605	30	0.125
760	639938	male	heterosexual	25	18	80	32.79575787	-96.82721589	30	0.5
761	639846	male	bisexual	17	1	17	39.01013849	-76.92074279	-1	0.0795455
762	639942	female	heterosexual	28	18	35	-12.104080699999999	-77.06126806	20	1.0
763	639941	female	heterosexual	18	18	80	45.18114365	-87.14848722	30	0.666667
764	639939	female	heterosexual	20	18	27	46.59123117	-120.5887217	-1	0.782705
765	639477	male	heterosexual	23	18	80	0.0	0.0	-1	0.30232600000000004
766	639929	female	homosexual	20	18	25	37.96795804	-122.5328172	30	0.5
767	639937	female	bisexual	22	20	26	32.77653897	-79.97466955	20	0.25
768	639936	male	heterosexual	26	18	80	34.034341299999994	-118.2769672	30	0.0
769	639934	male	heterosexual	23	18	80	41.69063733	-81.3386715	50	0.0
770	639932	female	heterosexual	23	25	34	41.30493411	-73.9148109	30	0.791667
771	639931	female	heterosexual	25	23	29	37.40877077	-121.9395487	40	0.818182
772	639930	male	heterosexual	19	18	22	35.302071999999995	-80.73591144	30	0.0
773	639928	male	heterosexual	23	19	25	40.13984256	-105.12667759999998	30	0.0
774	639924	male	heterosexual	19	18	80	34.90727326	-92.15391174	50	0.0
775	639925	female	heterosexual	18	18	80	0.0	0.0	30	0.0
776	639923	female	heterosexual	19	19	29	41.90516495	-72.76662694	30	0.8461540000000001
777	639922	male	heterosexual	34	18	80	41.75946925	-71.44418823	30	0.333333
778	639918	male	heterosexual	19	18	37	41.07958968	-85.24707399	65	1.0
779	639920	male	heterosexual	13	1	17	47.80930305	-122.1244098	-1	0.0
780	639919	male	heterosexual	23	18	80	42.26283564	-70.83017194	30	0.8
781	639917	female	heterosexual	23	18	35	38.85971235	-77.09335498	30	0.48837200000000003
782	639916	male	heterosexual	37	18	80	42.32763696	-71.06944252	95	1.0
783	639910	male	heterosexual	20	18	80	35.56851852	-77.36184408	-1	0.148148
784	639915	male	heterosexual	19	18	23	29.49632722	-95.1783705	30	0.0
785	639914	female	heterosexual	25	26	36	35.16100524	-81.47042575	30	0.333333
786	639909	female	bisexual	20	18	80	35.55818384	-89.74444585	30	0.529412
787	639912	male	heterosexual	22	18	80	0.0	0.0	-1	0.0740741
788	639908	male	heterosexual	19	18	34	24.5562918	-81.80323954	-1	0.270833
789	639911	female	heterosexual	21	20	28	35.4422179	-97.35643325	30	0.333333
790	639905	female	heterosexual	27	23	30	40.95307355	-72.93725908	30	0.8620690000000001
791	639893	female	homosexual	26	18	80	0.0	0.0	30	1.0
792	639903	female	heterosexual	39	35	44	45.55614	-122.6287762	10	0.2
793	639897	male	heterosexual	21	18	80	32.35506108	-86.29486721	50	0.0
794	639901	female	heterosexual	21	18	80	40.72879362	-73.98871497	30	0.836364
795	639899	male	heterosexual	24	18	80	40.97540703	-73.87286673	5	0.117647
796	639885	female	homosexual	52	40	63	44.94137374	-93.16453745	200	0.0
797	639898	male	homosexual	24	18	29	31.49125829	-97.30876405	200	0.0
798	639895	male	heterosexual	25	18	80	38.8891551	-77.0820426	30	0.0
799	639894	male	heterosexual	27	18	31	39.65409592	-79.95753386	30	0.0
800	639879	female	bisexual	20	18	80	34.17089588	-83.8885327	30	0.923077
801	639892	male	heterosexual	22	18	80	41.27956021	-72.43507004	30	0.0
802	639891	male	heterosexual	37	18	80	0.0	0.0	-1	0.236364
803	639890	female	bisexual	19	18	35	43.18938479	-87.96309637	-1	0.406723
804	639889	male	heterosexual	23	22	23	29.51493912	-98.61487673	40	0.0
805	639884	male	heterosexual	21	18	80	34.898631099999996	-76.90123823	55	0.0
806	639888	male	heterosexual	21	18	80	32.61712865	-115.432994	-1	0.012345700000000001
807	639883	male	heterosexual	25	18	80	40.67651951	-80.09758163	30	0.25
808	639880	female	heterosexual	20	18	24	41.70541969	-91.61333784	40	0.666667
809	630122	female	heterosexual	57	52	80	41.90927852	-84.89667774	75	0.0
810	639873	female	heterosexual	23	18	80	-33.05896723	-71.61446264	30	0.454545
811	639872	female	heterosexual	17	1	17	0.0	0.0	-1	0.264368
812	639869	male	heterosexual	27	21	50	39.57884052	-76.83220933	35	0.0
813	639877	male	heterosexual	26	18	80	30.50731644	-90.73520639	95	0.0
814	639875	male	heterosexual	21	18	80	36.08721525	-79.89297307	30	0.0
815	639874	female	heterosexual	23	23	33	33.49460006	-84.57334107	30	0.571429
816	639861	male	heterosexual	23	18	24	34.71488288	-86.59104199	50	0.0
817	639871	male	heterosexual	25	18	80	29.49079896	-98.55342103	30	0.0
818	639870	male	heterosexual	23	18	36	-22.75887782	-47.13598722	45	0.0
819	639868	male	heterosexual	26	18	80	40.59719731	-79.69030167	30	0.0
820	639848	male	homosexual	16	1	17	40.04698554	-75.45315722	-1	0.1
821	639867	male	heterosexual	41	18	80	44.85907377	-93.25237153	30	0.666667
822	639865	female	heterosexual	33	18	80	-27.79210719	153.26151959999999	30	0.625
823	639864	male	heterosexual	21	18	80	26.18961816	-97.7160819	30	0.0
824	639863	male	heterosexual	26	21	31	40.70900337	-73.95207380000001	2	0.1875
825	639857	female	heterosexual	20	19	27	40.74932797	-73.91266516	8	0.75
826	639856	male	homosexual	27	18	41	-22.52110403	-43.18891401	35	0.0
827	639859	male	heterosexual	20	18	80	32.8956667	-96.45700426	50	0.0
828	639858	male	heterosexual	23	18	40	29.88453674	-95.5148468	30	0.0
829	639842	male	heterosexual	19	18	80	42.76403166	-71.0760255	30	0.0
830	639855	male	heterosexual	18	18	80	40.70968492	-73.55668388	30	0.1
831	639854	male	heterosexual	23	18	25	19.33837335	-99.02089337	30	0.0
832	639840	male	heterosexual	34	18	80	37.96341973	-122.5220706	30	0.07692310000000001
833	639851	female	heterosexual	29	27	35	41.08514738	-80.76949267	35	0.714286
834	639836	female	heterosexual	18	18	80	42.33301352	-71.16402509999999	30	0.895833
835	639852	female	heterosexual	39	35	53	41.00099536	-72.31272604	30	1.0
836	639837	male	heterosexual	58	18	80	37.69364927	-122.1310882	30	0.2
837	639841	female	heterosexual	21	20	26	47.61392088	-122.335522	-1	0.763587
838	639850	female	heterosexual	21	18	80	39.65066432	-104.77291140000001	30	0.451613
839	639849	male	heterosexual	20	18	80	34.48923228	-93.0639799	40	0.0
840	639847	female	heterosexual	20	18	80	41.92334657	-77.18352368	75	0.5
841	639845	female	heterosexual	18	18	19	41.18844487	-80.74814941	-1	0.6157020000000001
842	639844	male	heterosexual	21	18	80	41.74166058	-70.20676464	30	0.0
843	639843	male	heterosexual	22	18	80	33.21425804	-117.39738190000001	30	0.0
844	639839	male	heterosexual	26	18	80	26.90366135	-80.10963231	30	0.0
845	639838	male	heterosexual	22	18	80	38.93403204	-92.40984103	30	0.0
846	639834	male	heterosexual	24	20	25	0.0	0.0	-1	0.291667
847	639830	male	heterosexual	36	18	80	26.61352132	-80.08929879	30	0.0
848	639833	male	heterosexual	25	18	80	41.93769015	-87.64837145	3	0.22222199999999998
849	639829	male	heterosexual	19	18	80	40.65954446	-74.81742201	30	0.0
850	639832	male	heterosexual	19	18	80	42.36855503	-82.93306149	30	0.0
851	639824	female	heterosexual	17	1	17	0.0	0.0	-1	0.633333
852	639831	female	heterosexual	54	18	80	47.56046653	-122.0945923	30	0.0
853	639827	male	heterosexual	19	18	80	41.91278822	-87.66713238	5	0.0
854	639806	male	heterosexual	16	1	17	42.39079756	-82.90427645	-1	0.183908
855	639828	male	heterosexual	22	18	39	34.20687719	-117.1106506	55	0.4
856	639804	male	heterosexual	19	18	80	38.01665514	-84.38834296	30	0.333333
857	639826	male	heterosexual	18	18	80	38.91931229	-77.18035411	30	0.2
858	639825	male	heterosexual	34	18	43	34.00543062	-118.43224850000001	30	0.0
859	639823	male	heterosexual	23	23	40	40.34330388	-74.65944491	40	0.0
860	639814	male	homosexual	18	18	80	43.7668212	11.28316265	55	0.0
861	639815	male	heterosexual	23	18	80	33.96011199	-117.3215862	30	0.333333
862	639822	male	heterosexual	25	18	80	32.75875524	-117.1756312	30	0.2
863	639821	male	heterosexual	19	18	19	38.67341557	-121.7646047	30	0.0
864	639820	male	heterosexual	22	18	80	52.35313675	4.856215026	30	1.0
865	639799	male	heterosexual	19	18	80	39.90989074	-75.08216428	30	0.0
866	639817	male	heterosexual	21	18	80	37.27986587	-121.85329469999999	30	0.2
867	639816	female	heterosexual	20	18	80	42.40977759	-71.11999382	30	0.517857
868	639813	male	homosexual	22	18	80	43.75887142	-79.77224877	55	1.0
869	639808	female	bisexual	22	18	80	25.585205	-80.39874191	30	0.416667
870	639795	female	heterosexual	29	24	35	37.38689995	-122.03926240000001	50	0.416667
871	639812	female	heterosexual	23	22	34	44.83434432	-92.99504177	40	0.55
872	639811	male	heterosexual	22	18	35	43.18842878	-77.56744838	30	0.0
873	639805	female	heterosexual	25	18	80	38.21968477	-86.13216421	30	0.181818
874	639807	female	heterosexual	25	18	80	39.92772927	-75.32029585	30	0.48529399999999995
875	639796	female	bisexual	19	18	80	41.92889265	-87.65334828	30	0.467742
876	639803	male	heterosexual	24	20	26	39.95435429	-83.05872656	30	0.0
877	639802	male	heterosexual	20	18	32	43.17292096	6.265752032000001	-1	0.156627
878	639801	male	heterosexual	26	18	80	19.50923994	-99.04092912	30	0.0
879	639546	female	heterosexual	37	28	49	0.0	0.0	-1	0.455621
880	639794	male	heterosexual	17	1	17	28.08766903	-82.56170541	-1	0.267442
881	639798	male	heterosexual	21	18	39	41.79320741	-71.45005066	-1	0.060240999999999996
882	639793	female	heterosexual	18	18	20	27.92227156	-97.29310174	30	0.0
883	639797	female	heterosexual	30	28	35	37.64364267	-122.45867369999999	50	0.75
884	639792	male	heterosexual	22	18	80	0.0	0.0	30	0.0
885	639791	male	heterosexual	19	18	23	43.57401926	-89.76420176	35	0.333333
886	639786	female	heterosexual	19	18	80	26.0531182	-97.75902172	30	0.0
887	639783	female	bisexual	18	18	20	40.73071234	-84.13557922	30	0.833333
888	639785	female	heterosexual	25	18	80	44.99903801	-93.1453525	30	0.516129
889	639788	male	heterosexual	22	18	80	41.796381200000006	-87.70183687	30	0.0
890	639784	male	heterosexual	23	18	80	48.96683882	9.39678294	30	0.0
891	639782	female	heterosexual	22	18	26	0.0	0.0	-1	0.622989
892	639781	female	heterosexual	20	19	24	43.80458968	-91.24721941	45	0.833333
893	639780	male	heterosexual	21	18	24	34.01121451	-84.02058959	25	0.0
894	639778	male	heterosexual	24	18	22	45.49397047	-122.63445790000002	7	1.0
895	639776	male	heterosexual	23	18	80	41.53874572	-90.51863831	30	0.0
896	639770	male	heterosexual	19	18	80	46.76512303	-114.0859821	170	0.0
897	639774	male	heterosexual	35	18	80	6.243628863	-75.54944215	60	0.0
898	639775	male	heterosexual	38	18	80	36.81380937	-119.76884270000001	30	0.25
899	639768	female	heterosexual	39	18	80	43.24041615	-123.3688561	30	0.0
900	639773	male	heterosexual	18	18	30	40.74029209	-74.15677274	15	0.11111099999999999
901	639772	female	heterosexual	22	18	80	42.27706437	-71.16678035	30	0.453125
902	639769	female	heterosexual	23	18	27	38.72203027	-90.34626838	30	0.777778
903	639766	male	heterosexual	25	23	28	39.05796955	-94.59293396	40	0.0
904	639765	female	heterosexual	19	18	29	33.87986385	-86.79021173	30	0.545455
905	639761	female	heterosexual	21	18	80	40.59958865	-80.66134114	30	0.8
906	639755	female	heterosexual	19	18	30	31.40209638	-83.81164263	50	0.875
907	639764	male	heterosexual	22	18	29	41.59214836	-93.63850605	30	0.0
908	639763	male	heterosexual	16	1	17	40.04014559	-75.05856693	-1	0.149425
909	639760	male	heterosexual	26	18	33	33.09544258	-96.81529139	55	0.116279
910	634471	female	heterosexual	30	18	80	0.0	0.0	-1	0.567619
911	639759	female	heterosexual	20	19	29	33.57864271	-86.69690911	30	0.583333
912	639758	male	heterosexual	24	18	27	39.81937804	-75.45056794	20	0.0
913	639756	male	heterosexual	20	18	80	34.11286911	45.03761564	-1	0.0227273
914	639754	male	heterosexual	18	18	20	48.16570188	-103.6380369	-1	0.0408163
