	sender_userid	recipient_userid	dt
0	639138	99443	2017-08-16T13:52:15.0000000
1	639917	420640	2017-08-16T13:52:12.0000000
2	509219	576003	2017-08-16T13:52:08.0000000
3	597728	399089	2017-08-16T13:52:05.0000000
4	637975	628332	2017-08-16T13:52:02.0000000
5	84056	629653	2017-08-16T13:51:57.0000000
6	616357	495872	2017-08-16T13:51:55.0000000
7	509219	576003	2017-08-16T13:51:53.0000000
8	72842	639527	2017-08-16T13:51:45.0000000
9	616357	495872	2017-08-16T13:51:43.0000000
10	639908	641776	2017-08-16T13:51:39.0000000
11	584895	639138	2017-08-16T13:51:38.0000000
12	584895	639138	2017-08-16T13:51:38.0000000
13	399089	597728	2017-08-16T13:51:37.0000000
14	99443	639138	2017-08-16T13:51:36.0000000
15	72842	639527	2017-08-16T13:51:30.0000000
16	584895	639138	2017-08-16T13:51:29.0000000
17	72842	639527	2017-08-16T13:51:20.0000000
18	87386	639138	2017-08-16T13:51:17.0000000
19	99443	639138	2017-08-16T13:51:17.0000000
20	597728	399089	2017-08-16T13:51:16.0000000
21	99443	639138	2017-08-16T13:51:09.0000000
22	639138	584895	2017-08-16T13:51:08.0000000
23	639173	637980	2017-08-16T13:51:07.0000000
24	510227	10359	2017-08-16T13:51:06.0000000
25	72842	639527	2017-08-16T13:51:06.0000000
26	637975	628332	2017-08-16T13:51:03.0000000
27	639908	641864	2017-08-16T13:50:59.0000000
28	72842	639527	2017-08-16T13:50:56.0000000
29	638453	321085	2017-08-16T13:50:48.0000000
30	639138	87386	2017-08-16T13:50:47.0000000
31	584895	639138	2017-08-16T13:50:47.0000000
32	482353	639527	2017-08-16T13:50:43.0000000
33	547196	562865	2017-08-16T13:50:40.0000000
34	72842	639527	2017-08-16T13:50:32.0000000
35	87386	639138	2017-08-16T13:50:28.0000000
36	72842	639527	2017-08-16T13:50:28.0000000
37	629653	84056	2017-08-16T13:50:21.0000000
38	72842	639527	2017-08-16T13:50:18.0000000
39	639173	640488	2017-08-16T13:50:17.0000000
40	639138	99443	2017-08-16T13:50:10.0000000
41	639138	99443	2017-08-16T13:50:07.0000000
42	586093	640436	2017-08-16T13:50:04.0000000
43	84056	629653	2017-08-16T13:49:58.0000000
44	321085	638453	2017-08-16T13:49:58.0000000
45	495872	616357	2017-08-16T13:49:56.0000000
46	590956	539224	2017-08-16T13:49:56.0000000
47	639173	640488	2017-08-16T13:49:55.0000000
48	84056	629653	2017-08-16T13:49:44.0000000
49	99443	639138	2017-08-16T13:49:44.0000000
50	452257	582205	2017-08-16T13:49:43.0000000
51	639138	553063	2017-08-16T13:49:42.0000000
52	521964	641864	2017-08-16T13:49:29.0000000
53	495872	616357	2017-08-16T13:49:26.0000000
54	576003	509219	2017-08-16T13:49:23.0000000
55	629653	84056	2017-08-16T13:49:23.0000000
56	517823	626932	2017-08-16T13:49:19.0000000
57	629653	84056	2017-08-16T13:49:19.0000000
58	639138	99443	2017-08-16T13:49:17.0000000
59	639138	99443	2017-08-16T13:49:12.0000000
60	521964	641785	2017-08-16T13:49:11.0000000
61	517823	626932	2017-08-16T13:49:04.0000000
62	495872	616357	2017-08-16T13:49:00.0000000
63	179784	548028	2017-08-16T13:48:53.0000000
64	640534	19276	2017-08-16T13:48:50.0000000
65	576003	509219	2017-08-16T13:48:49.0000000
66	99443	639138	2017-08-16T13:48:49.0000000
67	84056	629653	2017-08-16T13:48:46.0000000
68	637273	562865	2017-08-16T13:48:46.0000000
69	639138	99443	2017-08-16T13:48:45.0000000
70	553063	639138	2017-08-16T13:48:38.0000000
71	99443	639138	2017-08-16T13:48:36.0000000
72	521964	641776	2017-08-16T13:48:35.0000000
73	99443	639138	2017-08-16T13:48:29.0000000
74	639138	553063	2017-08-16T13:48:29.0000000
75	581934	640781	2017-08-16T13:48:20.0000000
76	640534	19276	2017-08-16T13:48:19.0000000
77	495872	616357	2017-08-16T13:48:19.0000000
78	546141	585324	2017-08-16T13:48:19.0000000
79	640534	19276	2017-08-16T13:48:04.0000000
80	546141	217800	2017-08-16T13:48:01.0000000
81	619573	538212	2017-08-16T13:47:58.0000000
82	640534	19276	2017-08-16T13:47:53.0000000
83	556436	641864	2017-08-16T13:47:53.0000000
84	640278	640983	2017-08-16T13:47:42.0000000
85	341772	639138	2017-08-16T13:47:42.0000000
86	625552	481278	2017-08-16T13:47:38.0000000
87	509219	576003	2017-08-16T13:47:36.0000000
88	341772	639138	2017-08-16T13:47:35.0000000
89	553063	639138	2017-08-16T13:47:29.0000000
90	629653	84056	2017-08-16T13:47:28.0000000
91	509219	576003	2017-08-16T13:47:27.0000000
92	556436	641776	2017-08-16T13:47:27.0000000
93	452257	635300	2017-08-16T13:47:27.0000000
94	627258	640983	2017-08-16T13:47:23.0000000
95	614139	641864	2017-08-16T13:47:21.0000000
96	399089	607723	2017-08-16T13:47:21.0000000
97	614139	641864	2017-08-16T13:47:21.0000000
98	627258	640983	2017-08-16T13:47:20.0000000
99	576003	509219	2017-08-16T13:47:19.0000000
100	538212	631446	2017-08-16T13:47:18.0000000
101	607723	542932	2017-08-16T13:47:16.0000000
102	538212	631446	2017-08-16T13:47:14.0000000
103	639806	619850	2017-08-16T13:47:11.0000000
104	627258	640983	2017-08-16T13:47:10.0000000
105	538212	619573	2017-08-16T13:47:06.0000000
106	639806	272714	2017-08-16T13:47:05.0000000
107	614139	641864	2017-08-16T13:47:04.0000000
108	84056	629653	2017-08-16T13:47:01.0000000
109	614565	405658	2017-08-16T13:46:53.0000000
110	614565	405658	2017-08-16T13:46:46.0000000
111	509219	576003	2017-08-16T13:46:45.0000000
112	640983	640278	2017-08-16T13:46:41.0000000
113	637826	581523	2017-08-16T13:46:38.0000000
114	641109	617423	2017-08-16T13:46:34.0000000
115	592671	640781	2017-08-16T13:46:21.0000000
116	454778	640781	2017-08-16T13:46:20.0000000
117	640983	209530	2017-08-16T13:46:17.0000000
118	641109	639763	2017-08-16T13:46:17.0000000
119	84056	629653	2017-08-16T13:46:14.0000000
120	3575	639527	2017-08-16T13:45:53.0000000
121	607723	399089	2017-08-16T13:45:52.0000000
122	641109	64768	2017-08-16T13:45:49.0000000
123	454778	640781	2017-08-16T13:45:47.0000000
124	640781	581934	2017-08-16T13:45:41.0000000
125	641109	64768	2017-08-16T13:45:36.0000000
126	640781	592671	2017-08-16T13:45:32.0000000
127	624272	639044	2017-08-16T13:45:26.0000000
128	629653	84056	2017-08-16T13:45:21.0000000
129	608972	641193	2017-08-16T13:45:21.0000000
130	576003	509219	2017-08-16T13:45:05.0000000
131	3575	639527	2017-08-16T13:45:01.0000000
132	629653	84056	2017-08-16T13:44:58.0000000
133	497200	641776	2017-08-16T13:44:57.0000000
134	576003	509219	2017-08-16T13:44:55.0000000
135	592671	640781	2017-08-16T13:44:53.0000000
136	3575	639527	2017-08-16T13:44:52.0000000
137	3575	639527	2017-08-16T13:44:49.0000000
138	639527	3575	2017-08-16T13:44:38.0000000
139	639527	3575	2017-08-16T13:44:26.0000000
140	497200	641864	2017-08-16T13:44:19.0000000
141	606450	367576	2017-08-16T13:44:17.0000000
142	540378	626257	2017-08-16T13:44:08.0000000
143	638453	321085	2017-08-16T13:44:00.0000000
144	293809	641443	2017-08-16T13:43:52.0000000
145	581934	640781	2017-08-16T13:43:48.0000000
146	509219	576003	2017-08-16T13:43:47.0000000
147	553063	639138	2017-08-16T13:43:47.0000000
148	2	641908	2017-08-16T13:43:39.0000000
149	639138	553063	2017-08-16T13:43:38.0000000
150	638453	321085	2017-08-16T13:43:35.0000000
151	639527	72842	2017-08-16T13:43:29.0000000
152	509219	576003	2017-08-16T13:43:29.0000000
153	630274	564358	2017-08-16T13:43:16.0000000
154	640781	581934	2017-08-16T13:43:09.0000000
155	509219	576003	2017-08-16T13:43:04.0000000
156	640035	557088	2017-08-16T13:43:02.0000000
157	640781	581934	2017-08-16T13:43:02.0000000
158	639527	72842	2017-08-16T13:43:00.0000000
159	3575	639527	2017-08-16T13:42:55.0000000
160	640781	592671	2017-08-16T13:42:52.0000000
161	639527	72842	2017-08-16T13:42:52.0000000
162	389734	139488	2017-08-16T13:42:51.0000000
163	3575	639527	2017-08-16T13:42:50.0000000
164	481278	625552	2017-08-16T13:42:46.0000000
165	529430	639527	2017-08-16T13:42:41.0000000
166	239904	595643	2017-08-16T13:42:41.0000000
167	529430	639527	2017-08-16T13:42:41.0000000
168	239904	595643	2017-08-16T13:42:41.0000000
169	619265	639299	2017-08-16T13:42:40.0000000
170	619265	639299	2017-08-16T13:42:40.0000000
171	641864	331026	2017-08-16T13:42:35.0000000
172	641864	331026	2017-08-16T13:42:35.0000000
173	441278	640488	2017-08-16T13:42:30.0000000
174	641864	553063	2017-08-16T13:42:30.0000000
175	641864	553063	2017-08-16T13:42:30.0000000
176	441278	640488	2017-08-16T13:42:30.0000000
177	641864	553063	2017-08-16T13:42:30.0000000
178	441278	640488	2017-08-16T13:42:30.0000000
179	641864	553063	2017-08-16T13:42:30.0000000
180	441278	640488	2017-08-16T13:42:30.0000000
181	640781	454778	2017-08-16T13:42:29.0000000
182	640781	454778	2017-08-16T13:42:29.0000000
183	640781	454778	2017-08-16T13:42:29.0000000
184	553063	639138	2017-08-16T13:42:28.0000000
185	553063	639138	2017-08-16T13:42:28.0000000
186	553063	639138	2017-08-16T13:42:28.0000000
187	639044	624272	2017-08-16T13:42:26.0000000
188	639044	624272	2017-08-16T13:42:26.0000000
189	639044	624272	2017-08-16T13:42:26.0000000
190	624504	603328	2017-08-16T13:42:20.0000000
191	441278	640488	2017-08-16T13:42:19.0000000
192	239904	637377	2017-08-16T13:42:18.0000000
193	72842	639527	2017-08-16T13:42:15.0000000
194	639138	553063	2017-08-16T13:42:14.0000000
195	639138	584895	2017-08-16T13:42:07.0000000
196	72842	639527	2017-08-16T13:42:06.0000000
197	562865	637273	2017-08-16T13:42:01.0000000
198	72842	639527	2017-08-16T13:42:00.0000000
199	625589	636327	2017-08-16T13:41:59.0000000
200	639138	87386	2017-08-16T13:41:49.0000000
201	639527	634252	2017-08-16T13:41:48.0000000
202	239904	641864	2017-08-16T13:41:42.0000000
203	239904	641864	2017-08-16T13:41:39.0000000
204	581934	640781	2017-08-16T13:41:37.0000000
205	636327	625589	2017-08-16T13:41:36.0000000
206	639527	634252	2017-08-16T13:41:36.0000000
207	592671	640781	2017-08-16T13:41:32.0000000
208	639138	99443	2017-08-16T13:41:31.0000000
209	584895	639138	2017-08-16T13:41:30.0000000
210	581934	640781	2017-08-16T13:41:29.0000000
211	371181	256229	2017-08-16T13:41:28.0000000
212	639527	640580	2017-08-16T13:41:25.0000000
213	639527	640580	2017-08-16T13:41:25.0000000
214	639527	640580	2017-08-16T13:41:25.0000000
215	640488	441278	2017-08-16T13:41:23.0000000
216	631133	633617	2017-08-16T13:41:20.0000000
217	72842	639527	2017-08-16T13:41:16.0000000
218	466308	568605	2017-08-16T13:41:08.0000000
219	639138	584895	2017-08-16T13:41:06.0000000
220	639527	640580	2017-08-16T13:41:04.0000000
221	641091	601952	2017-08-16T13:40:56.0000000
222	72842	639527	2017-08-16T13:40:52.0000000
223	84056	629653	2017-08-16T13:40:47.0000000
224	639527	3575	2017-08-16T13:40:46.0000000
225	614206	641343	2017-08-16T13:40:44.0000000
226	600057	641278	2017-08-16T13:40:39.0000000
227	601952	641091	2017-08-16T13:40:31.0000000
228	600057	640240	2017-08-16T13:40:30.0000000
229	639527	72842	2017-08-16T13:40:26.0000000
230	620656	615205	2017-08-16T13:40:20.0000000
231	2	641906	2017-08-16T13:40:19.0000000
232	637648	186589	2017-08-16T13:40:12.0000000
233	620656	615205	2017-08-16T13:40:03.0000000
234	614206	638501	2017-08-16T13:39:47.0000000
235	554297	639527	2017-08-16T13:39:45.0000000
236	636327	625589	2017-08-16T13:39:38.0000000
237	637273	562865	2017-08-16T13:39:37.0000000
238	566028	637231	2017-08-16T13:39:32.0000000
239	639527	529430	2017-08-16T13:39:29.0000000
240	639527	529430	2017-08-16T13:39:20.0000000
241	576003	509219	2017-08-16T13:39:16.0000000
242	639527	529430	2017-08-16T13:39:05.0000000
243	576003	509219	2017-08-16T13:39:03.0000000
244	576003	509219	2017-08-16T13:38:59.0000000
245	584895	639138	2017-08-16T13:38:56.0000000
246	636327	557502	2017-08-16T13:38:55.0000000
247	576003	509219	2017-08-16T13:38:49.0000000
248	84056	629653	2017-08-16T13:38:43.0000000
249	620223	592443	2017-08-16T13:38:41.0000000
250	72842	639527	2017-08-16T13:38:41.0000000
251	99443	639138	2017-08-16T13:38:39.0000000
252	87386	639138	2017-08-16T13:38:38.0000000
253	553063	441278	2017-08-16T13:38:37.0000000
254	509219	576003	2017-08-16T13:38:32.0000000
255	553063	639138	2017-08-16T13:38:29.0000000
256	637763	619850	2017-08-16T13:38:27.0000000
257	553063	641864	2017-08-16T13:38:21.0000000
258	2	641907	2017-08-16T13:38:20.0000000
259	548832	637160	2017-08-16T13:38:18.0000000
260	441278	553063	2017-08-16T13:38:12.0000000
261	576003	509219	2017-08-16T13:38:08.0000000
262	639527	554297	2017-08-16T13:38:08.0000000
263	639138	553063	2017-08-16T13:38:06.0000000
264	639527	554297	2017-08-16T13:38:03.0000000
265	631446	538212	2017-08-16T13:37:56.0000000
266	639138	99443	2017-08-16T13:37:52.0000000
267	641864	548832	2017-08-16T13:37:45.0000000
268	509219	576003	2017-08-16T13:37:43.0000000
269	553063	475676	2017-08-16T13:37:41.0000000
270	553063	475676	2017-08-16T13:37:39.0000000
271	553063	475676	2017-08-16T13:37:37.0000000
272	641864	493152	2017-08-16T13:37:35.0000000
273	553063	639138	2017-08-16T13:37:31.0000000
274	79162	611103	2017-08-16T13:37:30.0000000
275	641864	520071	2017-08-16T13:37:29.0000000
276	553063	639138	2017-08-16T13:37:23.0000000
277	99443	639138	2017-08-16T13:37:23.0000000
278	639138	584895	2017-08-16T13:37:22.0000000
279	540260	641864	2017-08-16T13:37:21.0000000
280	624272	639044	2017-08-16T13:37:20.0000000
281	540260	641864	2017-08-16T13:37:20.0000000
282	641864	548679	2017-08-16T13:37:19.0000000
283	611103	79162	2017-08-16T13:37:16.0000000
284	641864	470930	2017-08-16T13:37:13.0000000
285	641864	47744	2017-08-16T13:37:05.0000000
286	641443	293809	2017-08-16T13:37:03.0000000
287	639138	99443	2017-08-16T13:37:02.0000000
288	641864	493646	2017-08-16T13:37:00.0000000
289	641864	641193	2017-08-16T13:36:55.0000000
290	641864	473746	2017-08-16T13:36:50.0000000
291	641864	131774	2017-08-16T13:36:44.0000000
292	639138	553063	2017-08-16T13:36:37.0000000
293	639527	630546	2017-08-16T13:36:37.0000000
294	641864	632457	2017-08-16T13:36:35.0000000
295	611103	79162	2017-08-16T13:36:34.0000000
296	637273	562865	2017-08-16T13:36:33.0000000
297	557134	641864	2017-08-16T13:36:31.0000000
298	551351	485870	2017-08-16T13:36:29.0000000
299	553063	639138	2017-08-16T13:36:27.0000000
300	551351	485870	2017-08-16T13:36:27.0000000
301	641443	293809	2017-08-16T13:36:26.0000000
302	641864	557134	2017-08-16T13:36:20.0000000
303	616357	495872	2017-08-16T13:36:19.0000000
304	616357	495872	2017-08-16T13:36:08.0000000
305	540010	641864	2017-08-16T13:36:04.0000000
306	546013	637160	2017-08-16T13:36:03.0000000
307	546013	637160	2017-08-16T13:36:01.0000000
308	641864	540260	2017-08-16T13:35:57.0000000
309	639138	553063	2017-08-16T13:35:56.0000000
310	202501	624650	2017-08-16T13:35:53.0000000
311	640436	586093	2017-08-16T13:35:51.0000000
312	639527	482353	2017-08-16T13:35:48.0000000
313	553063	441278	2017-08-16T13:35:43.0000000
314	557134	641864	2017-08-16T13:35:42.0000000
315	406898	590327	2017-08-16T13:35:37.0000000
316	641864	551351	2017-08-16T13:35:36.0000000
317	2	626448	2017-08-16T13:35:36.0000000
318	557134	641864	2017-08-16T13:35:35.0000000
319	99443	639138	2017-08-16T13:35:30.0000000
320	553063	639138	2017-08-16T13:35:28.0000000
321	495872	616357	2017-08-16T13:35:28.0000000
322	641864	584533	2017-08-16T13:35:26.0000000
323	605864	607000	2017-08-16T13:35:20.0000000
324	641864	540010	2017-08-16T13:35:20.0000000
325	639138	553063	2017-08-16T13:35:20.0000000
326	576003	509219	2017-08-16T13:35:20.0000000
327	2	641905	2017-08-16T13:35:18.0000000
328	562865	637273	2017-08-16T13:35:15.0000000
329	641864	557134	2017-08-16T13:35:14.0000000
330	553063	639138	2017-08-16T13:35:09.0000000
331	639138	553063	2017-08-16T13:35:09.0000000
332	641864	100630	2017-08-16T13:35:07.0000000
333	640781	585945	2017-08-16T13:35:02.0000000
334	553063	639138	2017-08-16T13:35:01.0000000
335	562865	638653	2017-08-16T13:35:00.0000000
336	553063	639138	2017-08-16T13:34:57.0000000
337	399089	437329	2017-08-16T13:34:55.0000000
338	639138	553063	2017-08-16T13:34:52.0000000
339	584895	639138	2017-08-16T13:34:50.0000000
340	639138	553063	2017-08-16T13:34:49.0000000
341	553063	639138	2017-08-16T13:34:48.0000000
342	640781	565035	2017-08-16T13:34:45.0000000
343	641864	535154	2017-08-16T13:34:44.0000000
344	639138	553063	2017-08-16T13:34:43.0000000
345	606719	636315	2017-08-16T13:34:43.0000000
346	539668	641864	2017-08-16T13:34:43.0000000
347	639138	553063	2017-08-16T13:34:40.0000000
348	509219	576003	2017-08-16T13:34:40.0000000
349	539668	641864	2017-08-16T13:34:39.0000000
350	639138	553063	2017-08-16T13:34:38.0000000
351	624650	202501	2017-08-16T13:34:38.0000000
352	641864	239904	2017-08-16T13:34:37.0000000
353	640781	565035	2017-08-16T13:34:33.0000000
354	641807	641864	2017-08-16T13:34:32.0000000
355	562865	529389	2017-08-16T13:34:29.0000000
356	639138	584895	2017-08-16T13:34:28.0000000
357	640781	607935	2017-08-16T13:34:27.0000000
358	2	641904	2017-08-16T13:34:27.0000000
359	637273	562865	2017-08-16T13:34:25.0000000
360	641864	539668	2017-08-16T13:34:23.0000000
361	553063	639138	2017-08-16T13:34:22.0000000
362	640436	604236	2017-08-16T13:34:21.0000000
363	437329	399089	2017-08-16T13:34:17.0000000
364	562865	534204	2017-08-16T13:34:13.0000000
365	509219	576003	2017-08-16T13:34:12.0000000
366	641864	641807	2017-08-16T13:34:10.0000000
367	621594	556947	2017-08-16T13:34:09.0000000
368	639138	553063	2017-08-16T13:34:08.0000000
369	84056	629653	2017-08-16T13:34:07.0000000
370	639044	624272	2017-08-16T13:34:06.0000000
371	625552	481278	2017-08-16T13:34:05.0000000
372	621594	556947	2017-08-16T13:34:04.0000000
373	639138	553063	2017-08-16T13:34:03.0000000
374	562865	442999	2017-08-16T13:34:00.0000000
375	640436	641785	2017-08-16T13:33:56.0000000
376	629653	84056	2017-08-16T13:33:53.0000000
377	640781	592671	2017-08-16T13:33:49.0000000
378	562865	547196	2017-08-16T13:33:48.0000000
379	640436	641776	2017-08-16T13:33:43.0000000
380	605946	635565	2017-08-16T13:33:43.0000000
381	640781	581934	2017-08-16T13:33:35.0000000
382	348132	543798	2017-08-16T13:33:34.0000000
383	640781	581934	2017-08-16T13:33:33.0000000
384	562865	637273	2017-08-16T13:33:31.0000000
385	639044	624272	2017-08-16T13:33:30.0000000
386	562865	637273	2017-08-16T13:33:26.0000000
387	562865	637273	2017-08-16T13:33:24.0000000
388	640436	609091	2017-08-16T13:33:21.0000000
389	546013	637160	2017-08-16T13:33:18.0000000
390	640845	608414	2017-08-16T13:33:16.0000000
391	639044	624272	2017-08-16T13:33:13.0000000
392	84056	629653	2017-08-16T13:33:13.0000000
393	539668	641864	2017-08-16T13:33:12.0000000
394	239904	641864	2017-08-16T13:33:09.0000000
395	546013	637160	2017-08-16T13:33:03.0000000
396	608414	640020	2017-08-16T13:33:03.0000000
397	540010	641776	2017-08-16T13:32:55.0000000
398	637160	546013	2017-08-16T13:32:54.0000000
399	641278	600057	2017-08-16T13:32:53.0000000
400	29888	628491	2017-08-16T13:32:51.0000000
401	2	641900	2017-08-16T13:32:51.0000000
402	100630	638853	2017-08-16T13:32:50.0000000
403	239904	641864	2017-08-16T13:32:49.0000000
404	640436	640121	2017-08-16T13:32:49.0000000
405	100630	638853	2017-08-16T13:32:45.0000000
406	608414	640845	2017-08-16T13:32:41.0000000
407	616357	495872	2017-08-16T13:32:40.0000000
408	399089	597728	2017-08-16T13:32:38.0000000
409	637273	562865	2017-08-16T13:32:34.0000000
410	556947	567375	2017-08-16T13:32:28.0000000
411	640436	624902	2017-08-16T13:32:27.0000000
412	539668	641776	2017-08-16T13:32:20.0000000
413	540010	637160	2017-08-16T13:32:18.0000000
414	641343	619850	2017-08-16T13:32:18.0000000
415	597728	399089	2017-08-16T13:32:16.0000000
416	539668	641776	2017-08-16T13:32:14.0000000
417	562865	637273	2017-08-16T13:32:14.0000000
418	637160	546013	2017-08-16T13:32:11.0000000
419	2	641903	2017-08-16T13:32:09.0000000
420	553808	637596	2017-08-16T13:32:07.0000000
421	553063	639138	2017-08-16T13:31:59.0000000
422	576003	509219	2017-08-16T13:31:51.0000000
423	584895	639138	2017-08-16T13:31:51.0000000
424	540010	637160	2017-08-16T13:31:48.0000000
425	639138	553063	2017-08-16T13:31:48.0000000
426	576003	509219	2017-08-16T13:31:45.0000000
427	639138	553063	2017-08-16T13:31:44.0000000
428	2	641902	2017-08-16T13:31:41.0000000
429	576003	509219	2017-08-16T13:31:35.0000000
430	641095	2	2017-08-16T13:31:34.0000000
431	553063	639138	2017-08-16T13:31:32.0000000
432	576003	509219	2017-08-16T13:31:29.0000000
433	581934	640781	2017-08-16T13:31:25.0000000
434	637160	540010	2017-08-16T13:31:23.0000000
435	639138	553063	2017-08-16T13:31:21.0000000
436	576003	509219	2017-08-16T13:31:20.0000000
437	629653	84056	2017-08-16T13:31:13.0000000
438	239904	641776	2017-08-16T13:31:13.0000000
439	239904	641776	2017-08-16T13:31:12.0000000
440	639138	584895	2017-08-16T13:31:06.0000000
441	557134	641864	2017-08-16T13:31:05.0000000
442	540010	641864	2017-08-16T13:31:03.0000000
443	628491	29888	2017-08-16T13:30:58.0000000
444	639138	87386	2017-08-16T13:30:48.0000000
445	84056	629653	2017-08-16T13:30:44.0000000
446	637273	562865	2017-08-16T13:30:42.0000000
447	637160	548832	2017-08-16T13:30:35.0000000
448	509219	576003	2017-08-16T13:30:31.0000000
449	540010	637160	2017-08-16T13:30:28.0000000
450	636333	641211	2017-08-16T13:30:26.0000000
451	509219	576003	2017-08-16T13:30:26.0000000
452	553063	639138	2017-08-16T13:30:26.0000000
453	399089	437329	2017-08-16T13:30:21.0000000
454	548832	637160	2017-08-16T13:30:20.0000000
455	553063	639138	2017-08-16T13:30:15.0000000
456	29888	628491	2017-08-16T13:30:15.0000000
457	553063	639138	2017-08-16T13:30:14.0000000
458	509219	576003	2017-08-16T13:30:08.0000000
459	584533	641864	2017-08-16T13:30:07.0000000
460	556947	639857	2017-08-16T13:30:07.0000000
461	637160	548832	2017-08-16T13:30:02.0000000
462	551351	641864	2017-08-16T13:30:00.0000000
463	562865	637273	2017-08-16T13:30:00.0000000
464	562865	612059	2017-08-16T13:29:49.0000000
465	639138	99443	2017-08-16T13:29:47.0000000
466	629653	84056	2017-08-16T13:29:45.0000000
467	437329	399089	2017-08-16T13:29:45.0000000
468	637160	234253	2017-08-16T13:29:44.0000000
469	551351	641864	2017-08-16T13:29:39.0000000
470	637160	234253	2017-08-16T13:29:39.0000000
471	562865	640878	2017-08-16T13:29:39.0000000
472	603328	624504	2017-08-16T13:29:35.0000000
473	209530	640983	2017-08-16T13:29:28.0000000
474	139488	389734	2017-08-16T13:29:25.0000000
475	637160	540010	2017-08-16T13:29:23.0000000
476	556947	639857	2017-08-16T13:29:21.0000000
477	239904	434426	2017-08-16T13:29:20.0000000
478	87386	639138	2017-08-16T13:29:15.0000000
479	139488	389734	2017-08-16T13:29:15.0000000
480	87386	639138	2017-08-16T13:29:10.0000000
481	637160	28	2017-08-16T13:29:07.0000000
482	554297	639527	2017-08-16T13:29:01.0000000
483	576003	509219	2017-08-16T13:29:01.0000000
484	576003	509219	2017-08-16T13:28:53.0000000
485	546013	637160	2017-08-16T13:28:51.0000000
486	399089	437329	2017-08-16T13:28:48.0000000
487	546013	637160	2017-08-16T13:28:48.0000000
488	576003	509219	2017-08-16T13:28:40.0000000
489	584550	592286	2017-08-16T13:28:18.0000000
490	587220	640542	2017-08-16T13:28:13.0000000
491	587220	640542	2017-08-16T13:28:07.0000000
492	631702	379432	2017-08-16T13:28:06.0000000
493	639527	565325	2017-08-16T13:27:39.0000000
494	639527	565325	2017-08-16T13:27:39.0000000
495	540260	606450	2017-08-16T13:27:37.0000000
496	619850	641343	2017-08-16T13:27:34.0000000
497	624272	639044	2017-08-16T13:27:31.0000000
498	389734	139488	2017-08-16T13:27:22.0000000
499	546626	640090	2017-08-16T13:27:21.0000000
500	441278	640488	2017-08-16T13:27:18.0000000
501	531643	609612	2017-08-16T13:27:16.0000000
502	79162	611103	2017-08-16T13:27:10.0000000
503	79162	611103	2017-08-16T13:27:08.0000000
504	99443	639138	2017-08-16T13:27:05.0000000
505	576003	509219	2017-08-16T13:27:05.0000000
506	437329	399089	2017-08-16T13:26:57.0000000
507	631261	640488	2017-08-16T13:26:46.0000000
508	509219	576003	2017-08-16T13:26:42.0000000
509	562865	640604	2017-08-16T13:26:37.0000000
510	99443	639138	2017-08-16T13:26:30.0000000
511	619850	624875	2017-08-16T13:26:28.0000000
512	628497	559791	2017-08-16T13:26:25.0000000
513	584895	639138	2017-08-16T13:26:25.0000000
514	509219	576003	2017-08-16T13:26:24.0000000
515	562865	500655	2017-08-16T13:26:17.0000000
516	641091	601952	2017-08-16T13:26:12.0000000
517	628497	582089	2017-08-16T13:26:12.0000000
518	628497	491614	2017-08-16T13:26:04.0000000
519	562865	500655	2017-08-16T13:26:03.0000000
520	639138	584895	2017-08-16T13:26:01.0000000
521	509219	576003	2017-08-16T13:26:00.0000000
522	632457	641864	2017-08-16T13:26:00.0000000
523	562865	623031	2017-08-16T13:25:56.0000000
524	632457	641776	2017-08-16T13:25:36.0000000
525	34827	605835	2017-08-16T13:25:33.0000000
526	639138	99443	2017-08-16T13:25:33.0000000
527	580688	379432	2017-08-16T13:25:22.0000000
528	131774	641864	2017-08-16T13:25:21.0000000
529	290332	636009	2017-08-16T13:25:19.0000000
530	580688	379432	2017-08-16T13:25:16.0000000
531	632457	608920	2017-08-16T13:25:06.0000000
532	99443	639138	2017-08-16T13:25:02.0000000
533	473746	641864	2017-08-16T13:24:51.0000000
534	641193	641864	2017-08-16T13:24:27.0000000
535	2	641899	2017-08-16T13:24:24.0000000
536	493646	641864	2017-08-16T13:24:23.0000000
537	443203	634354	2017-08-16T13:24:18.0000000
538	634468	631858	2017-08-16T13:24:08.0000000
539	493646	641776	2017-08-16T13:24:00.0000000
540	639138	99443	2017-08-16T13:23:58.0000000
541	580688	379432	2017-08-16T13:23:38.0000000
542	640278	640983	2017-08-16T13:23:37.0000000
543	47744	641864	2017-08-16T13:23:34.0000000
544	99443	639138	2017-08-16T13:23:31.0000000
545	47744	641864	2017-08-16T13:23:30.0000000
546	576003	509219	2017-08-16T13:23:27.0000000
547	637031	60147	2017-08-16T13:23:27.0000000
548	493646	567199	2017-08-16T13:23:27.0000000
549	576003	509219	2017-08-16T13:23:23.0000000
550	637031	60147	2017-08-16T13:23:17.0000000
551	576003	509219	2017-08-16T13:23:15.0000000
552	576003	509219	2017-08-16T13:23:11.0000000
553	637031	60147	2017-08-16T13:23:08.0000000
554	84056	629653	2017-08-16T13:23:03.0000000
555	640983	209530	2017-08-16T13:22:56.0000000
556	529430	639527	2017-08-16T13:22:53.0000000
557	454778	640983	2017-08-16T13:22:49.0000000
558	580688	379432	2017-08-16T13:22:45.0000000
559	529430	639527	2017-08-16T13:22:42.0000000
560	640983	640278	2017-08-16T13:22:42.0000000
561	640488	441278	2017-08-16T13:22:35.0000000
562	509219	576003	2017-08-16T13:22:34.0000000
563	628491	29888	2017-08-16T13:22:32.0000000
564	599374	421625	2017-08-16T13:22:29.0000000
565	641095	246948	2017-08-16T13:22:22.0000000
566	640488	631261	2017-08-16T13:22:19.0000000
567	639527	529430	2017-08-16T13:22:15.0000000
568	640488	631261	2017-08-16T13:22:09.0000000
569	599374	421625	2017-08-16T13:22:08.0000000
570	639138	99443	2017-08-16T13:22:07.0000000
571	509219	576003	2017-08-16T13:21:58.0000000
572	599374	421625	2017-08-16T13:21:53.0000000
573	576003	509219	2017-08-16T13:21:45.0000000
574	629653	84056	2017-08-16T13:21:41.0000000
575	509219	576003	2017-08-16T13:21:40.0000000
576	2	641898	2017-08-16T13:21:31.0000000
577	629653	84056	2017-08-16T13:21:29.0000000
578	616320	626257	2017-08-16T13:21:25.0000000
579	576003	509219	2017-08-16T13:21:17.0000000
580	2	641897	2017-08-16T13:21:14.0000000
581	547801	568605	2017-08-16T13:21:14.0000000
582	421625	599374	2017-08-16T13:21:11.0000000
583	639022	636466	2017-08-16T13:20:59.0000000
584	641193	608972	2017-08-16T13:20:58.0000000
585	638510	641257	2017-08-16T13:20:54.0000000
586	548679	641776	2017-08-16T13:20:52.0000000
587	638510	641257	2017-08-16T13:20:50.0000000
588	570138	612161	2017-08-16T13:20:50.0000000
589	421625	599374	2017-08-16T13:20:49.0000000
590	570138	612161	2017-08-16T13:20:38.0000000
591	548679	641864	2017-08-16T13:20:33.0000000
592	2	641895	2017-08-16T13:20:30.0000000
593	509219	576003	2017-08-16T13:20:29.0000000
594	421625	599374	2017-08-16T13:20:26.0000000
595	2	641896	2017-08-16T13:20:24.0000000
596	640782	626257	2017-08-16T13:20:20.0000000
597	509219	576003	2017-08-16T13:20:20.0000000
598	84056	629653	2017-08-16T13:20:18.0000000
599	639138	28	2017-08-16T13:20:15.0000000
600	640782	626257	2017-08-16T13:20:14.0000000
601	636687	574286	2017-08-16T13:20:11.0000000
602	636687	574286	2017-08-16T13:20:11.0000000
603	639138	341772	2017-08-16T13:20:05.0000000
604	629410	573582	2017-08-16T13:19:32.0000000
605	639138	553063	2017-08-16T13:19:29.0000000
606	639138	87386	2017-08-16T13:19:16.0000000
607	576003	509219	2017-08-16T13:19:13.0000000
608	591784	611843	2017-08-16T13:19:09.0000000
609	591784	611843	2017-08-16T13:19:02.0000000
610	576003	509219	2017-08-16T13:19:00.0000000
611	2	641890	2017-08-16T13:18:57.0000000
612	182944	574781	2017-08-16T13:18:49.0000000
613	576003	509219	2017-08-16T13:18:45.0000000
614	639138	590319	2017-08-16T13:18:43.0000000
615	493152	641864	2017-08-16T13:18:37.0000000
616	574781	182944	2017-08-16T13:18:28.0000000
617	509219	576003	2017-08-16T13:18:25.0000000
618	202501	624650	2017-08-16T13:18:17.0000000
619	641343	604572	2017-08-16T13:18:14.0000000
620	641343	604572	2017-08-16T13:18:10.0000000
621	585341	630791	2017-08-16T13:18:00.0000000
622	634501	39136	2017-08-16T13:17:59.0000000
623	529430	639527	2017-08-16T13:17:51.0000000
624	520071	641864	2017-08-16T13:17:45.0000000
625	636189	600266	2017-08-16T13:17:39.0000000
626	566842	637587	2017-08-16T13:17:30.0000000
627	529430	639527	2017-08-16T13:17:24.0000000
628	98089	537904	2017-08-16T13:17:15.0000000
629	611103	79162	2017-08-16T13:17:09.0000000
630	139488	389734	2017-08-16T13:17:03.0000000
631	625589	636327	2017-08-16T13:16:50.0000000
632	641807	641864	2017-08-16T13:16:49.0000000
633	576003	509219	2017-08-16T13:16:48.0000000
634	639527	529430	2017-08-16T13:16:46.0000000
635	639527	529430	2017-08-16T13:16:43.0000000
636	576003	509219	2017-08-16T13:16:42.0000000
637	629653	84056	2017-08-16T13:16:36.0000000
638	629653	84056	2017-08-16T13:16:25.0000000
639	586103	641278	2017-08-16T13:16:23.0000000
640	641807	641864	2017-08-16T13:16:18.0000000
641	509219	576003	2017-08-16T13:16:16.0000000
642	399089	590121	2017-08-16T13:16:13.0000000
643	641807	641864	2017-08-16T13:16:08.0000000
644	565035	640781	2017-08-16T13:16:07.0000000
645	399089	590121	2017-08-16T13:15:57.0000000
646	586103	641278	2017-08-16T13:15:56.0000000
647	84056	629653	2017-08-16T13:15:56.0000000
648	565035	598150	2017-08-16T13:15:47.0000000
649	2	641894	2017-08-16T13:15:44.0000000
650	641807	641864	2017-08-16T13:15:42.0000000
651	399089	437329	2017-08-16T13:15:38.0000000
652	641807	641864	2017-08-16T13:15:33.0000000
653	614622	637120	2017-08-16T13:15:32.0000000
654	2	641893	2017-08-16T13:15:23.0000000
655	640803	604079	2017-08-16T13:15:22.0000000
656	625589	628335	2017-08-16T13:15:07.0000000
657	640803	581395	2017-08-16T13:15:06.0000000
658	637587	566842	2017-08-16T13:14:48.0000000
659	557134	641776	2017-08-16T13:14:45.0000000
660	548832	620531	2017-08-16T13:14:34.0000000
661	614139	641776	2017-08-16T13:14:24.0000000
662	546626	634102	2017-08-16T13:14:15.0000000
663	629653	84056	2017-08-16T13:14:02.0000000
664	556947	621594	2017-08-16T13:13:45.0000000
665	556947	621594	2017-08-16T13:13:33.0000000
666	620531	548832	2017-08-16T13:13:24.0000000
667	356171	641864	2017-08-16T13:13:24.0000000
668	581764	25684	2017-08-16T13:13:20.0000000
669	2	641891	2017-08-16T13:13:15.0000000
670	581764	25684	2017-08-16T13:13:00.0000000
671	641864	356171	2017-08-16T13:12:58.0000000
672	639527	72842	2017-08-16T13:12:56.0000000
673	546626	640090	2017-08-16T13:12:54.0000000
674	437329	609474	2017-08-16T13:12:49.0000000
675	437329	399089	2017-08-16T13:12:43.0000000
676	128354	641864	2017-08-16T13:12:39.0000000
677	546626	640090	2017-08-16T13:12:33.0000000
678	639527	516746	2017-08-16T13:12:27.0000000
679	641864	128354	2017-08-16T13:12:23.0000000
680	552704	436212	2017-08-16T13:12:14.0000000
681	548832	620531	2017-08-16T13:12:14.0000000
682	639527	491614	2017-08-16T13:12:14.0000000
683	552704	436212	2017-08-16T13:12:14.0000000
684	546626	640090	2017-08-16T13:12:06.0000000
685	637587	566842	2017-08-16T13:12:01.0000000
686	581764	439287	2017-08-16T13:11:59.0000000
687	620531	548832	2017-08-16T13:11:57.0000000
688	546626	640090	2017-08-16T13:11:56.0000000
689	84056	629653	2017-08-16T13:11:50.0000000
690	640090	546626	2017-08-16T13:11:49.0000000
691	546626	640090	2017-08-16T13:11:46.0000000
692	128354	641776	2017-08-16T13:11:41.0000000
693	547785	637616	2017-08-16T13:11:41.0000000
694	640090	546626	2017-08-16T13:11:39.0000000
695	391137	616323	2017-08-16T13:11:32.0000000
696	637616	547785	2017-08-16T13:11:32.0000000
697	639527	554297	2017-08-16T13:11:32.0000000
698	640090	546626	2017-08-16T13:11:32.0000000
699	2	641889	2017-08-16T13:11:25.0000000
700	639527	640693	2017-08-16T13:11:24.0000000
701	547785	637616	2017-08-16T13:11:19.0000000
702	640090	546626	2017-08-16T13:11:19.0000000
703	639527	569904	2017-08-16T13:11:14.0000000
704	639527	569904	2017-08-16T13:11:13.0000000
705	640090	546626	2017-08-16T13:11:10.0000000
706	546626	640090	2017-08-16T13:11:02.0000000
707	637616	547785	2017-08-16T13:10:55.0000000
708	29888	628491	2017-08-16T13:10:51.0000000
709	29888	628491	2017-08-16T13:10:38.0000000
710	641864	60511	2017-08-16T13:10:33.0000000
711	572247	567375	2017-08-16T13:10:30.0000000
712	601250	379081	2017-08-16T13:10:29.0000000
713	629653	84056	2017-08-16T13:10:23.0000000
714	2	641888	2017-08-16T13:10:18.0000000
715	620531	548832	2017-08-16T13:10:17.0000000
716	620531	548832	2017-08-16T13:10:09.0000000
717	547785	637616	2017-08-16T13:10:05.0000000
718	2	641885	2017-08-16T13:09:55.0000000
719	641612	640264	2017-08-16T13:09:53.0000000
720	547785	637616	2017-08-16T13:09:52.0000000
721	84056	629653	2017-08-16T13:09:47.0000000
722	640278	640983	2017-08-16T13:09:43.0000000
723	487027	634658	2017-08-16T13:09:42.0000000
724	628491	555320	2017-08-16T13:09:39.0000000
725	487027	641776	2017-08-16T13:09:23.0000000
726	628491	29888	2017-08-16T13:09:18.0000000
727	616323	391137	2017-08-16T13:09:17.0000000
728	481278	625552	2017-08-16T13:09:09.0000000
729	637616	547785	2017-08-16T13:08:57.0000000
730	628491	597623	2017-08-16T13:08:55.0000000
731	557502	636327	2017-08-16T13:08:53.0000000
732	548832	620531	2017-08-16T13:08:47.0000000
733	547785	637616	2017-08-16T13:08:46.0000000
734	641864	487027	2017-08-16T13:08:45.0000000
735	547785	637616	2017-08-16T13:08:31.0000000
736	640983	613656	2017-08-16T13:08:27.0000000
737	209530	640983	2017-08-16T13:08:23.0000000
738	557502	636327	2017-08-16T13:08:18.0000000
739	637616	547785	2017-08-16T13:08:17.0000000
740	638416	628141	2017-08-16T13:08:04.0000000
741	620531	548832	2017-08-16T13:08:00.0000000
742	622546	639638	2017-08-16T13:07:59.0000000
743	547785	637616	2017-08-16T13:07:56.0000000
744	620531	548832	2017-08-16T13:07:52.0000000
745	557502	636327	2017-08-16T13:07:51.0000000
746	620531	548832	2017-08-16T13:07:49.0000000
747	549942	533986	2017-08-16T13:07:43.0000000
748	547785	637616	2017-08-16T13:07:41.0000000
749	620531	548832	2017-08-16T13:07:40.0000000
750	640983	617423	2017-08-16T13:07:38.0000000
751	547785	637616	2017-08-16T13:07:37.0000000
752	549942	533986	2017-08-16T13:07:36.0000000
753	637616	547785	2017-08-16T13:07:29.0000000
754	2	641887	2017-08-16T13:07:24.0000000
755	637616	547785	2017-08-16T13:07:23.0000000
756	454778	640983	2017-08-16T13:07:23.0000000
757	640983	599947	2017-08-16T13:07:17.0000000
758	634896	635300	2017-08-16T13:07:13.0000000
759	548832	620531	2017-08-16T13:07:03.0000000
760	48309	634220	2017-08-16T13:06:58.0000000
761	637616	547785	2017-08-16T13:06:57.0000000
762	639527	576073	2017-08-16T13:06:54.0000000
763	639527	576073	2017-08-16T13:06:48.0000000
764	48309	596721	2017-08-16T13:06:47.0000000
765	640983	454778	2017-08-16T13:06:43.0000000
766	620531	548832	2017-08-16T13:06:41.0000000
767	641864	616208	2017-08-16T13:06:36.0000000
768	547785	637616	2017-08-16T13:06:36.0000000
769	547785	637616	2017-08-16T13:06:32.0000000
770	537904	98089	2017-08-16T13:06:32.0000000
771	547785	637616	2017-08-16T13:06:28.0000000
772	576003	509219	2017-08-16T13:06:28.0000000
773	640983	627258	2017-08-16T13:06:27.0000000
774	548832	620531	2017-08-16T13:06:24.0000000
775	434426	239904	2017-08-16T13:06:14.0000000
776	547785	637616	2017-08-16T13:06:13.0000000
777	389734	139488	2017-08-16T13:06:12.0000000
778	640983	209530	2017-08-16T13:06:07.0000000
779	620531	548832	2017-08-16T13:06:06.0000000
780	633501	533655	2017-08-16T13:05:59.0000000
781	633501	533655	2017-08-16T13:05:53.0000000
782	599947	640983	2017-08-16T13:05:51.0000000
783	2	641884	2017-08-16T13:05:50.0000000
784	584895	521215	2017-08-16T13:05:43.0000000
785	640983	640278	2017-08-16T13:05:40.0000000
786	152531	632078	2017-08-16T13:05:36.0000000
787	640354	626195	2017-08-16T13:05:29.0000000
788	640983	599947	2017-08-16T13:05:29.0000000
789	566842	637587	2017-08-16T13:05:19.0000000
790	521215	584895	2017-08-16T13:05:17.0000000
791	2	641886	2017-08-16T13:05:15.0000000
792	637616	547785	2017-08-16T13:05:08.0000000
793	637616	547785	2017-08-16T13:05:02.0000000
794	566842	637587	2017-08-16T13:04:59.0000000
795	584895	521215	2017-08-16T13:04:58.0000000
796	320319	640104	2017-08-16T13:04:54.0000000
797	614139	469984	2017-08-16T13:04:53.0000000
798	566842	637587	2017-08-16T13:04:51.0000000
799	547785	637616	2017-08-16T13:04:50.0000000
800	27204	641864	2017-08-16T13:04:47.0000000
801	584895	521215	2017-08-16T13:04:46.0000000
802	637616	547785	2017-08-16T13:04:45.0000000
803	27204	641864	2017-08-16T13:04:41.0000000
804	521215	584895	2017-08-16T13:04:37.0000000
805	521215	584895	2017-08-16T13:04:30.0000000
806	389734	607000	2017-08-16T13:04:26.0000000
807	430995	641864	2017-08-16T13:04:26.0000000
808	547785	637616	2017-08-16T13:04:25.0000000
809	629653	84056	2017-08-16T13:04:22.0000000
810	546079	233745	2017-08-16T13:04:19.0000000
811	640278	640983	2017-08-16T13:04:14.0000000
812	641864	208501	2017-08-16T13:04:12.0000000
813	430995	641864	2017-08-16T13:04:11.0000000
814	637616	547785	2017-08-16T13:04:11.0000000
815	641864	27204	2017-08-16T13:04:08.0000000
816	27204	641776	2017-08-16T13:04:06.0000000
817	584895	521215	2017-08-16T13:04:03.0000000
818	637616	547785	2017-08-16T13:04:03.0000000
819	27204	641864	2017-08-16T13:03:59.0000000
820	637587	566842	2017-08-16T13:03:56.0000000
821	611622	638620	2017-08-16T13:03:55.0000000
822	547785	637616	2017-08-16T13:03:54.0000000
823	639564	484857	2017-08-16T13:03:53.0000000
824	633501	533655	2017-08-16T13:03:53.0000000
825	521215	584895	2017-08-16T13:03:50.0000000
826	547785	637616	2017-08-16T13:03:46.0000000
827	639564	484857	2017-08-16T13:03:43.0000000
828	521215	584895	2017-08-16T13:03:41.0000000
829	641864	257533	2017-08-16T13:03:40.0000000
830	631380	616867	2017-08-16T13:03:40.0000000
831	547785	637616	2017-08-16T13:03:36.0000000
832	641864	430995	2017-08-16T13:03:35.0000000
833	584895	521215	2017-08-16T13:03:35.0000000
834	639564	511130	2017-08-16T13:03:33.0000000
835	633501	533655	2017-08-16T13:03:30.0000000
836	637616	547785	2017-08-16T13:03:30.0000000
837	584895	521215	2017-08-16T13:03:29.0000000
838	584895	521215	2017-08-16T13:03:23.0000000
839	521215	584895	2017-08-16T13:03:22.0000000
840	631380	616867	2017-08-16T13:03:19.0000000
841	547785	637616	2017-08-16T13:03:14.0000000
842	521215	584895	2017-08-16T13:03:02.0000000
843	633501	533655	2017-08-16T13:02:55.0000000
844	2	641883	2017-08-16T13:02:54.0000000
845	547785	637616	2017-08-16T13:02:52.0000000
846	638620	611622	2017-08-16T13:02:51.0000000
847	590121	399089	2017-08-16T13:02:34.0000000
848	633501	533655	2017-08-16T13:02:21.0000000
849	84056	629653	2017-08-16T13:02:17.0000000
850	633501	533655	2017-08-16T13:02:10.0000000
851	632078	152531	2017-08-16T13:02:09.0000000
852	2	641882	2017-08-16T13:02:08.0000000
853	637616	547785	2017-08-16T13:02:06.0000000
854	616357	495872	2017-08-16T13:02:03.0000000
855	616357	495872	2017-08-16T13:01:52.0000000
856	399089	590121	2017-08-16T13:01:29.0000000
857	621572	613469	2017-08-16T13:01:28.0000000
858	637616	547785	2017-08-16T13:01:25.0000000
859	2	641881	2017-08-16T13:01:13.0000000
860	641864	491935	2017-08-16T13:01:10.0000000
861	293809	641443	2017-08-16T13:01:09.0000000
862	27204	641776	2017-08-16T13:01:08.0000000
863	641864	491614	2017-08-16T13:01:02.0000000
864	547785	637616	2017-08-16T13:00:57.0000000
865	533655	633501	2017-08-16T13:00:53.0000000
866	534855	599250	2017-08-16T13:00:47.0000000
867	293809	641443	2017-08-16T13:00:46.0000000
868	533655	633501	2017-08-16T13:00:43.0000000
869	27204	641864	2017-08-16T13:00:41.0000000
870	547785	637616	2017-08-16T13:00:41.0000000
871	563780	25474	2017-08-16T13:00:37.0000000
872	533655	633501	2017-08-16T13:00:37.0000000
873	614139	469984	2017-08-16T13:00:36.0000000
874	590121	399089	2017-08-16T13:00:28.0000000
875	533655	633501	2017-08-16T13:00:28.0000000
876	399089	590121	2017-08-16T13:00:18.0000000
877	620531	548832	2017-08-16T12:59:59.0000000
878	547785	637616	2017-08-16T12:59:54.0000000
879	590121	399089	2017-08-16T12:59:49.0000000
880	620531	548832	2017-08-16T12:59:38.0000000
881	637616	547785	2017-08-16T12:59:36.0000000
882	584895	521215	2017-08-16T12:59:34.0000000
883	620531	548832	2017-08-16T12:59:29.0000000
884	399089	590121	2017-08-16T12:59:29.0000000
885	637616	547785	2017-08-16T12:59:27.0000000
886	637616	547785	2017-08-16T12:59:16.0000000
887	548832	620531	2017-08-16T12:59:13.0000000
888	29888	628491	2017-08-16T12:59:12.0000000
889	548832	637160	2017-08-16T12:59:04.0000000
890	637616	547785	2017-08-16T12:59:03.0000000
891	2	641875	2017-08-16T12:58:52.0000000
892	639044	624272	2017-08-16T12:58:48.0000000
893	620531	548832	2017-08-16T12:58:43.0000000
894	584895	521215	2017-08-16T12:58:42.0000000
895	620531	548832	2017-08-16T12:58:42.0000000
896	590121	399089	2017-08-16T12:58:41.0000000
897	639044	567895	2017-08-16T12:58:32.0000000
898	2	641880	2017-08-16T12:58:23.0000000
899	491614	641864	2017-08-16T12:58:21.0000000
900	639044	610430	2017-08-16T12:58:14.0000000
901	548832	620531	2017-08-16T12:58:09.0000000
902	466928	541160	2017-08-16T12:58:08.0000000
