	userid	otheruserid	dt	liked
0	639578	603227	2017-08-15T21:41:04.0000000	False
1	639578	601930	2017-08-15T21:41:04.0000000	False
2	639578	604978	2017-08-15T21:41:04.0000000	False
3	639578	604236	2017-08-15T21:41:04.0000000	False
4	639578	603072	2017-08-15T21:41:04.0000000	False
5	639578	603344	2017-08-15T21:41:04.0000000	True
6	639578	603681	2017-08-15T21:41:04.0000000	False
7	639578	107715	2017-08-15T21:41:04.0000000	False
8	639578	640763	2017-08-15T21:41:04.0000000	False
9	639578	602266	2017-08-15T21:41:04.0000000	False
10	87386	617662	2017-08-15T21:41:02.0000000	True
11	87386	618652	2017-08-15T21:40:58.0000000	True
12	636821	542190	2017-08-15T21:40:57.0000000	False
13	639058	139065	2017-08-15T21:40:57.0000000	True
14	639058	473783	2017-08-15T21:40:57.0000000	False
15	636821	540411	2017-08-15T21:40:57.0000000	False
16	636821	306684	2017-08-15T21:40:57.0000000	False
17	636821	376663	2017-08-15T21:40:56.0000000	False
18	636821	608330	2017-08-15T21:40:56.0000000	False
19	636821	555368	2017-08-15T21:40:56.0000000	False
20	636821	529980	2017-08-15T21:40:56.0000000	False
21	636821	356841	2017-08-15T21:40:56.0000000	False
22	636821	491344	2017-08-15T21:40:56.0000000	False
23	636821	554750	2017-08-15T21:40:56.0000000	False
24	567594	632317	2017-08-15T21:40:56.0000000	True
25	640704	123756	2017-08-15T21:40:55.0000000	False
26	640704	11753	2017-08-15T21:40:55.0000000	True
27	619005	640593	2017-08-15T21:40:54.0000000	True
28	619005	640863	2017-08-15T21:40:54.0000000	False
29	619005	640748	2017-08-15T21:40:54.0000000	False
30	640713	614864	2017-08-15T21:40:54.0000000	False
31	640713	630519	2017-08-15T21:40:54.0000000	False
32	640713	612662	2017-08-15T21:40:54.0000000	False
33	640713	603643	2017-08-15T21:40:54.0000000	False
34	640713	508437	2017-08-15T21:40:54.0000000	True
35	601900	639076	2017-08-15T21:40:52.0000000	False
36	601900	435902	2017-08-15T21:40:52.0000000	True
37	639058	8041	2017-08-15T21:40:52.0000000	True
38	639058	469444	2017-08-15T21:40:52.0000000	False
39	636563	525394	2017-08-15T21:40:50.0000000	True
40	567594	539330	2017-08-15T21:40:49.0000000	False
41	639695	283308	2017-08-15T21:40:49.0000000	False
42	639695	605127	2017-08-15T21:40:49.0000000	False
43	639695	622009	2017-08-15T21:40:49.0000000	False
44	639695	532218	2017-08-15T21:40:49.0000000	False
45	639695	638311	2017-08-15T21:40:49.0000000	False
46	639695	525788	2017-08-15T21:40:49.0000000	False
47	639695	557215	2017-08-15T21:40:49.0000000	False
48	639695	27204	2017-08-15T21:40:49.0000000	False
49	567594	640452	2017-08-15T21:40:49.0000000	False
50	639695	34416	2017-08-15T21:40:49.0000000	True
51	567594	638540	2017-08-15T21:40:49.0000000	True
52	640870	164796	2017-08-15T21:40:49.0000000	True
53	619005	640867	2017-08-15T21:40:49.0000000	True
54	636563	466020	2017-08-15T21:40:49.0000000	True
55	640870	143243	2017-08-15T21:40:49.0000000	False
56	639058	7623	2017-08-15T21:40:49.0000000	True
57	567594	639168	2017-08-15T21:40:48.0000000	True
58	640704	112792	2017-08-15T21:40:47.0000000	False
59	640704	127242	2017-08-15T21:40:47.0000000	True
60	636563	468960	2017-08-15T21:40:46.0000000	True
61	639577	509081	2017-08-15T21:40:46.0000000	True
62	567594	374203	2017-08-15T21:40:44.0000000	False
63	567594	546357	2017-08-15T21:40:44.0000000	True
64	567594	640584	2017-08-15T21:40:44.0000000	False
65	567594	540010	2017-08-15T21:40:44.0000000	False
66	567594	640097	2017-08-15T21:40:44.0000000	False
67	567594	605211	2017-08-15T21:40:44.0000000	False
68	567594	639332	2017-08-15T21:40:44.0000000	False
69	567594	503313	2017-08-15T21:40:44.0000000	True
70	640901	553332	2017-08-15T21:40:43.0000000	False
71	640901	551211	2017-08-15T21:40:43.0000000	False
72	639577	573672	2017-08-15T21:40:43.0000000	True
73	640901	556768	2017-08-15T21:40:43.0000000	True
74	636563	558688	2017-08-15T21:40:42.0000000	True
75	639577	593383	2017-08-15T21:40:41.0000000	True
76	640704	135004	2017-08-15T21:40:41.0000000	True
77	639577	639879	2017-08-15T21:40:40.0000000	True
78	639577	541607	2017-08-15T21:40:40.0000000	False
79	637843	444966	2017-08-15T21:40:40.0000000	True
80	640457	310126	2017-08-15T21:40:39.0000000	True
81	640457	604919	2017-08-15T21:40:39.0000000	False
82	640457	145599	2017-08-15T21:40:39.0000000	False
83	640457	528437	2017-08-15T21:40:39.0000000	False
84	640457	507099	2017-08-15T21:40:39.0000000	False
85	640457	560539	2017-08-15T21:40:39.0000000	False
86	640457	164657	2017-08-15T21:40:39.0000000	False
87	324832	639638	2017-08-15T21:40:39.0000000	True
88	640457	612810	2017-08-15T21:40:39.0000000	False
89	640457	475346	2017-08-15T21:40:39.0000000	False
90	324832	640707	2017-08-15T21:40:38.0000000	True
91	636563	472042	2017-08-15T21:40:38.0000000	False
92	639578	632745	2017-08-15T21:40:38.0000000	False
93	324832	640621	2017-08-15T21:40:38.0000000	True
94	639578	618421	2017-08-15T21:40:38.0000000	False
95	639578	602468	2017-08-15T21:40:38.0000000	True
96	640870	410367	2017-08-15T21:40:38.0000000	False
97	640870	305026	2017-08-15T21:40:38.0000000	True
98	640870	565149	2017-08-15T21:40:38.0000000	False
99	640870	113769	2017-08-15T21:40:38.0000000	False
100	640870	305145	2017-08-15T21:40:38.0000000	True
101	636563	508527	2017-08-15T21:40:38.0000000	True
102	637843	594591	2017-08-15T21:40:37.0000000	True
103	611297	446550	2017-08-15T21:40:35.0000000	False
104	639577	458066	2017-08-15T21:40:35.0000000	True
105	611297	446507	2017-08-15T21:40:35.0000000	False
106	611297	445339	2017-08-15T21:40:35.0000000	False
107	611297	445211	2017-08-15T21:40:35.0000000	True
108	567594	301733	2017-08-15T21:40:34.0000000	False
109	567594	640366	2017-08-15T21:40:34.0000000	False
110	640704	140732	2017-08-15T21:40:34.0000000	False
111	567594	639376	2017-08-15T21:40:34.0000000	True
112	640870	114676	2017-08-15T21:40:34.0000000	True
113	640704	248325	2017-08-15T21:40:34.0000000	True
114	639058	7985	2017-08-15T21:40:34.0000000	False
115	639058	29863	2017-08-15T21:40:34.0000000	False
116	639058	631308	2017-08-15T21:40:34.0000000	True
117	614241	557401	2017-08-15T21:40:33.0000000	False
118	614241	596226	2017-08-15T21:40:33.0000000	False
119	614241	630416	2017-08-15T21:40:33.0000000	False
120	639577	631424	2017-08-15T21:40:33.0000000	True
121	614241	421859	2017-08-15T21:40:33.0000000	False
122	614241	182849	2017-08-15T21:40:33.0000000	False
123	614241	595279	2017-08-15T21:40:33.0000000	False
124	614241	599692	2017-08-15T21:40:33.0000000	False
125	614241	595231	2017-08-15T21:40:33.0000000	False
126	614241	601490	2017-08-15T21:40:33.0000000	False
127	614241	603820	2017-08-15T21:40:33.0000000	False
128	614241	608160	2017-08-15T21:40:33.0000000	False
129	614241	619332	2017-08-15T21:40:33.0000000	False
130	614241	545233	2017-08-15T21:40:33.0000000	False
131	614241	608792	2017-08-15T21:40:33.0000000	False
132	614241	604559	2017-08-15T21:40:33.0000000	False
133	614241	617138	2017-08-15T21:40:33.0000000	False
134	614241	621873	2017-08-15T21:40:33.0000000	False
135	614241	589756	2017-08-15T21:40:33.0000000	False
136	614241	600481	2017-08-15T21:40:33.0000000	False
137	614241	599216	2017-08-15T21:40:33.0000000	False
138	614241	617211	2017-08-15T21:40:33.0000000	False
139	614241	604845	2017-08-15T21:40:33.0000000	False
140	614241	617764	2017-08-15T21:40:33.0000000	False
141	614241	602731	2017-08-15T21:40:33.0000000	False
142	614241	618742	2017-08-15T21:40:33.0000000	False
143	614241	599209	2017-08-15T21:40:33.0000000	False
144	614241	613895	2017-08-15T21:40:33.0000000	False
145	614241	600060	2017-08-15T21:40:33.0000000	False
146	614241	618375	2017-08-15T21:40:33.0000000	False
147	614241	599686	2017-08-15T21:40:33.0000000	False
148	614241	577856	2017-08-15T21:40:33.0000000	False
149	614241	597689	2017-08-15T21:40:33.0000000	False
150	614241	600184	2017-08-15T21:40:33.0000000	False
151	614241	617374	2017-08-15T21:40:33.0000000	False
152	614241	574028	2017-08-15T21:40:33.0000000	False
153	614241	594124	2017-08-15T21:40:33.0000000	False
154	614241	613976	2017-08-15T21:40:33.0000000	False
155	614241	593649	2017-08-15T21:40:33.0000000	False
156	614241	556277	2017-08-15T21:40:33.0000000	False
157	614241	618631	2017-08-15T21:40:33.0000000	False
158	614241	599816	2017-08-15T21:40:33.0000000	False
159	614241	601422	2017-08-15T21:40:33.0000000	False
160	614241	599647	2017-08-15T21:40:33.0000000	False
161	614241	601008	2017-08-15T21:40:33.0000000	False
162	614241	592433	2017-08-15T21:40:33.0000000	False
163	614241	599407	2017-08-15T21:40:33.0000000	False
164	614241	601863	2017-08-15T21:40:33.0000000	True
165	614241	611394	2017-08-15T21:40:33.0000000	False
166	640713	581234	2017-08-15T21:40:33.0000000	False
167	640713	564050	2017-08-15T21:40:33.0000000	False
168	640713	630772	2017-08-15T21:40:33.0000000	False
169	640713	622013	2017-08-15T21:40:33.0000000	True
170	640870	521558	2017-08-15T21:40:32.0000000	False
171	640870	558635	2017-08-15T21:40:32.0000000	False
172	640870	41270	2017-08-15T21:40:32.0000000	False
173	640870	163021	2017-08-15T21:40:32.0000000	False
174	640870	121110	2017-08-15T21:40:32.0000000	False
175	640870	181237	2017-08-15T21:40:32.0000000	False
176	640870	73174	2017-08-15T21:40:32.0000000	False
177	640870	193062	2017-08-15T21:40:32.0000000	False
178	640870	199527	2017-08-15T21:40:32.0000000	False
179	640870	38125	2017-08-15T21:40:32.0000000	False
180	640870	546533	2017-08-15T21:40:32.0000000	False
181	640870	434076	2017-08-15T21:40:32.0000000	False
182	640870	341999	2017-08-15T21:40:32.0000000	False
183	640870	181231	2017-08-15T21:40:32.0000000	True
184	567594	545591	2017-08-15T21:40:31.0000000	False
185	567594	540319	2017-08-15T21:40:31.0000000	False
186	567594	457020	2017-08-15T21:40:31.0000000	False
187	567594	599965	2017-08-15T21:40:31.0000000	False
188	567594	583972	2017-08-15T21:40:31.0000000	False
189	567594	640447	2017-08-15T21:40:31.0000000	False
190	567594	605127	2017-08-15T21:40:31.0000000	False
191	567594	639912	2017-08-15T21:40:31.0000000	False
192	639577	319471	2017-08-15T21:40:31.0000000	False
193	567594	628961	2017-08-15T21:40:31.0000000	False
194	567594	639575	2017-08-15T21:40:31.0000000	True
195	639577	582525	2017-08-15T21:40:31.0000000	True
196	636563	470438	2017-08-15T21:40:31.0000000	True
197	567594	546617	2017-08-15T21:40:31.0000000	False
198	639577	370294	2017-08-15T21:40:31.0000000	False
199	613023	412803	2017-08-15T21:40:30.0000000	False
200	567594	501235	2017-08-15T21:40:30.0000000	False
201	567594	531517	2017-08-15T21:40:30.0000000	False
202	613023	618565	2017-08-15T21:40:30.0000000	True
203	567594	622914	2017-08-15T21:40:30.0000000	True
204	567594	605719	2017-08-15T21:40:30.0000000	False
205	567594	640473	2017-08-15T21:40:30.0000000	False
206	567594	640306	2017-08-15T21:40:30.0000000	False
207	567594	640390	2017-08-15T21:40:30.0000000	False
208	567594	639798	2017-08-15T21:40:30.0000000	False
209	619005	640354	2017-08-15T21:40:28.0000000	True
210	556043	638486	2017-08-15T21:40:28.0000000	True
211	556043	637639	2017-08-15T21:40:26.0000000	True
212	556043	639429	2017-08-15T21:40:26.0000000	True
213	556043	639606	2017-08-15T21:40:26.0000000	True
214	614241	617813	2017-08-15T21:40:26.0000000	False
215	614241	594030	2017-08-15T21:40:26.0000000	False
216	639578	640333	2017-08-15T21:40:25.0000000	False
217	639578	587865	2017-08-15T21:40:25.0000000	False
218	639578	640545	2017-08-15T21:40:25.0000000	False
219	639578	602629	2017-08-15T21:40:25.0000000	True
220	639578	604274	2017-08-15T21:40:25.0000000	False
221	639578	614846	2017-08-15T21:40:25.0000000	False
222	556043	638571	2017-08-15T21:40:25.0000000	True
223	556043	639785	2017-08-15T21:40:25.0000000	True
224	640721	608992	2017-08-15T21:40:24.0000000	True
225	556043	620262	2017-08-15T21:40:24.0000000	True
226	640818	629307	2017-08-15T21:40:24.0000000	False
227	640818	575228	2017-08-15T21:40:24.0000000	True
228	636563	526182	2017-08-15T21:40:23.0000000	True
229	556043	639812	2017-08-15T21:40:23.0000000	True
230	639058	457376	2017-08-15T21:40:23.0000000	True
231	556043	638838	2017-08-15T21:40:23.0000000	True
232	639058	7322	2017-08-15T21:40:23.0000000	False
233	629421	616793	2017-08-15T21:40:22.0000000	True
234	629421	473005	2017-08-15T21:40:18.0000000	True
235	629421	632687	2017-08-15T21:40:18.0000000	False
236	640721	579909	2017-08-15T21:40:17.0000000	True
237	639578	602874	2017-08-15T21:40:17.0000000	True
238	629421	154207	2017-08-15T21:40:15.0000000	False
239	629421	634278	2017-08-15T21:40:15.0000000	False
240	629421	429292	2017-08-15T21:40:15.0000000	True
241	640713	630824	2017-08-15T21:40:14.0000000	False
242	640713	591808	2017-08-15T21:40:14.0000000	False
243	629421	478530	2017-08-15T21:40:14.0000000	False
244	629421	632345	2017-08-15T21:40:14.0000000	True
245	636563	517008	2017-08-15T21:40:14.0000000	True
246	638169	640222	2017-08-15T21:40:13.0000000	False
247	638169	87750	2017-08-15T21:40:13.0000000	False
248	638169	15172	2017-08-15T21:40:13.0000000	False
249	638169	640538	2017-08-15T21:40:13.0000000	False
250	638169	528594	2017-08-15T21:40:13.0000000	False
251	638169	640721	2017-08-15T21:40:13.0000000	False
252	638169	497141	2017-08-15T21:40:13.0000000	False
253	639578	640609	2017-08-15T21:40:12.0000000	False
254	639578	619205	2017-08-15T21:40:12.0000000	False
255	639578	457827	2017-08-15T21:40:12.0000000	True
256	629421	635609	2017-08-15T21:40:12.0000000	True
257	637843	550697	2017-08-15T21:40:11.0000000	False
258	629421	637005	2017-08-15T21:40:11.0000000	False
259	637843	154207	2017-08-15T21:40:11.0000000	True
260	629421	598399	2017-08-15T21:40:11.0000000	True
261	629421	632976	2017-08-15T21:40:10.0000000	False
262	639058	8113	2017-08-15T21:40:10.0000000	False
263	640818	576099	2017-08-15T21:40:10.0000000	True
264	629421	638991	2017-08-15T21:40:10.0000000	True
265	591689	632063	2017-08-15T21:40:09.0000000	False
266	591689	484475	2017-08-15T21:40:09.0000000	False
267	591689	484324	2017-08-15T21:40:09.0000000	False
268	591689	495285	2017-08-15T21:40:09.0000000	False
269	591689	630573	2017-08-15T21:40:09.0000000	False
270	637843	577271	2017-08-15T21:40:09.0000000	True
271	591689	481806	2017-08-15T21:40:09.0000000	False
272	591689	640547	2017-08-15T21:40:09.0000000	False
273	591689	634138	2017-08-15T21:40:09.0000000	False
274	591689	490026	2017-08-15T21:40:09.0000000	False
275	629421	591030	2017-08-15T21:40:08.0000000	True
276	639058	12708	2017-08-15T21:40:07.0000000	False
277	639058	214228	2017-08-15T21:40:07.0000000	True
278	640818	581916	2017-08-15T21:40:07.0000000	True
279	639058	516968	2017-08-15T21:40:07.0000000	False
280	629421	582482	2017-08-15T21:40:06.0000000	True
281	639578	559725	2017-08-15T21:40:05.0000000	True
282	639578	605642	2017-08-15T21:40:05.0000000	False
283	567594	640317	2017-08-15T21:40:05.0000000	False
284	567594	640657	2017-08-15T21:40:05.0000000	True
285	576333	474481	2017-08-15T21:40:04.0000000	False
286	576333	197410	2017-08-15T21:40:04.0000000	False
287	576333	156488	2017-08-15T21:40:04.0000000	False
288	576333	580409	2017-08-15T21:40:04.0000000	False
289	576333	620928	2017-08-15T21:40:04.0000000	False
290	576333	432956	2017-08-15T21:40:04.0000000	False
291	576333	524956	2017-08-15T21:40:04.0000000	False
292	576333	531054	2017-08-15T21:40:04.0000000	False
293	576333	447413	2017-08-15T21:40:04.0000000	False
294	576333	635693	2017-08-15T21:40:04.0000000	False
295	576333	545367	2017-08-15T21:40:04.0000000	False
296	576333	580787	2017-08-15T21:40:04.0000000	False
297	576333	635755	2017-08-15T21:40:04.0000000	False
298	576333	420635	2017-08-15T21:40:03.0000000	False
299	576333	22385	2017-08-15T21:40:03.0000000	False
300	640721	621596	2017-08-15T21:40:03.0000000	True
301	640721	632309	2017-08-15T21:40:03.0000000	False
302	639578	603768	2017-08-15T21:40:03.0000000	True
303	576333	506184	2017-08-15T21:40:03.0000000	False
304	576333	455007	2017-08-15T21:40:03.0000000	False
305	576333	609914	2017-08-15T21:40:03.0000000	False
306	576333	204000	2017-08-15T21:40:03.0000000	False
307	576333	513022	2017-08-15T21:40:03.0000000	True
308	576333	95082	2017-08-15T21:40:03.0000000	False
309	567594	564268	2017-08-15T21:40:02.0000000	False
310	567594	637980	2017-08-15T21:40:02.0000000	True
311	567594	168532	2017-08-15T21:40:02.0000000	False
312	567594	556960	2017-08-15T21:40:01.0000000	True
313	629421	637548	2017-08-15T21:40:01.0000000	True
314	437168	624560	2017-08-15T21:40:01.0000000	False
315	437168	556608	2017-08-15T21:40:01.0000000	True
316	629421	151254	2017-08-15T21:40:01.0000000	False
317	629421	634619	2017-08-15T21:40:01.0000000	False
318	629421	602584	2017-08-15T21:40:01.0000000	False
319	629421	613700	2017-08-15T21:40:01.0000000	False
320	640865	524809	2017-08-15T21:40:01.0000000	False
321	640865	569284	2017-08-15T21:40:01.0000000	False
322	640865	522969	2017-08-15T21:40:01.0000000	False
323	640865	616253	2017-08-15T21:40:01.0000000	False
324	636563	502947	2017-08-15T21:40:01.0000000	True
325	640865	488987	2017-08-15T21:40:01.0000000	True
326	640818	609906	2017-08-15T21:40:00.0000000	False
327	640818	577732	2017-08-15T21:40:00.0000000	False
328	437168	44348	2017-08-15T21:40:00.0000000	True
329	640818	576952	2017-08-15T21:40:00.0000000	True
330	495140	639527	2017-08-15T21:40:00.0000000	True
331	640704	571203	2017-08-15T21:39:59.0000000	True
332	567594	611244	2017-08-15T21:39:59.0000000	True
333	640713	601475	2017-08-15T21:39:58.0000000	True
334	640713	633001	2017-08-15T21:39:58.0000000	False
335	636821	519749	2017-08-15T21:39:57.0000000	True
336	640818	591051	2017-08-15T21:39:57.0000000	False
337	640818	607123	2017-08-15T21:39:57.0000000	False
338	640818	584669	2017-08-15T21:39:57.0000000	True
339	640818	103221	2017-08-15T21:39:57.0000000	False
340	567594	487027	2017-08-15T21:39:56.0000000	False
341	567594	640639	2017-08-15T21:39:56.0000000	False
342	567594	614241	2017-08-15T21:39:56.0000000	False
343	629421	636895	2017-08-15T21:39:54.0000000	False
344	629421	591719	2017-08-15T21:39:54.0000000	False
345	629421	630903	2017-08-15T21:39:54.0000000	False
346	629421	633909	2017-08-15T21:39:54.0000000	False
347	629421	634683	2017-08-15T21:39:54.0000000	False
348	640896	585628	2017-08-15T21:39:54.0000000	True
349	629421	525400	2017-08-15T21:39:54.0000000	True
350	637843	640489	2017-08-15T21:39:53.0000000	True
351	639058	457380	2017-08-15T21:39:53.0000000	True
352	639058	9018	2017-08-15T21:39:53.0000000	False
353	640896	532391	2017-08-15T21:39:52.0000000	False
354	640896	200233	2017-08-15T21:39:52.0000000	False
355	640896	535372	2017-08-15T21:39:52.0000000	True
356	636821	536945	2017-08-15T21:39:51.0000000	False
357	636821	308550	2017-08-15T21:39:51.0000000	False
358	636821	305960	2017-08-15T21:39:51.0000000	True
359	636821	100443	2017-08-15T21:39:51.0000000	False
360	636821	612590	2017-08-15T21:39:51.0000000	False
361	636821	367291	2017-08-15T21:39:51.0000000	False
362	636821	538850	2017-08-15T21:39:51.0000000	False
363	636821	387448	2017-08-15T21:39:51.0000000	False
364	636821	130339	2017-08-15T21:39:51.0000000	False
365	636821	518925	2017-08-15T21:39:51.0000000	False
366	629421	637331	2017-08-15T21:39:48.0000000	False
367	629421	635900	2017-08-15T21:39:48.0000000	False
368	629421	631605	2017-08-15T21:39:48.0000000	False
369	629421	609792	2017-08-15T21:39:48.0000000	False
370	629421	485602	2017-08-15T21:39:48.0000000	True
371	640896	540681	2017-08-15T21:39:48.0000000	True
372	640870	31703	2017-08-15T21:39:47.0000000	False
373	640870	625421	2017-08-15T21:39:47.0000000	True
374	640896	280254	2017-08-15T21:39:47.0000000	False
375	640896	453356	2017-08-15T21:39:47.0000000	False
376	640896	458257	2017-08-15T21:39:47.0000000	True
377	640896	421033	2017-08-15T21:39:47.0000000	False
378	639058	35706	2017-08-15T21:39:46.0000000	False
379	639058	442617	2017-08-15T21:39:46.0000000	False
380	640789	416077	2017-08-15T21:39:46.0000000	False
381	639058	81653	2017-08-15T21:39:46.0000000	True
382	640789	637240	2017-08-15T21:39:46.0000000	False
383	639058	25999	2017-08-15T21:39:46.0000000	False
384	640789	598621	2017-08-15T21:39:46.0000000	False
385	639058	556671	2017-08-15T21:39:46.0000000	False
386	640789	625909	2017-08-15T21:39:46.0000000	False
387	637843	633624	2017-08-15T21:39:46.0000000	True
388	640789	619454	2017-08-15T21:39:46.0000000	False
389	640789	304656	2017-08-15T21:39:46.0000000	False
390	640789	589382	2017-08-15T21:39:46.0000000	True
391	640789	637332	2017-08-15T21:39:46.0000000	False
392	639058	477432	2017-08-15T21:39:46.0000000	False
393	640789	636156	2017-08-15T21:39:46.0000000	False
394	640789	605100	2017-08-15T21:39:46.0000000	False
395	640789	580507	2017-08-15T21:39:46.0000000	False
396	639058	470540	2017-08-15T21:39:46.0000000	False
397	640894	492442	2017-08-15T21:39:45.0000000	True
398	576333	457264	2017-08-15T21:39:43.0000000	False
399	613023	358461	2017-08-15T21:39:43.0000000	False
400	613023	632887	2017-08-15T21:39:43.0000000	True
401	576333	419538	2017-08-15T21:39:43.0000000	True
402	629421	632511	2017-08-15T21:39:42.0000000	True
403	629421	446689	2017-08-15T21:39:41.0000000	True
404	637843	568320	2017-08-15T21:39:41.0000000	True
405	637843	629544	2017-08-15T21:39:40.0000000	True
406	637843	640763	2017-08-15T21:39:40.0000000	False
407	640713	609612	2017-08-15T21:39:40.0000000	False
408	640713	608127	2017-08-15T21:39:40.0000000	False
409	640713	602431	2017-08-15T21:39:40.0000000	False
410	640713	551393	2017-08-15T21:39:40.0000000	False
411	640713	233745	2017-08-15T21:39:40.0000000	False
412	640713	579142	2017-08-15T21:39:40.0000000	False
413	640713	631461	2017-08-15T21:39:40.0000000	True
414	640845	628479	2017-08-15T21:39:40.0000000	True
415	629421	626145	2017-08-15T21:39:39.0000000	False
416	629421	540157	2017-08-15T21:39:39.0000000	False
417	629421	631752	2017-08-15T21:39:39.0000000	True
418	437168	568717	2017-08-15T21:39:38.0000000	False
419	437168	424848	2017-08-15T21:39:38.0000000	True
420	640896	109888	2017-08-15T21:39:38.0000000	False
421	640896	197533	2017-08-15T21:39:38.0000000	False
422	640896	565302	2017-08-15T21:39:38.0000000	False
423	640896	566744	2017-08-15T21:39:38.0000000	False
424	640896	573741	2017-08-15T21:39:38.0000000	True
425	576333	127944	2017-08-15T21:39:36.0000000	True
426	576333	587797	2017-08-15T21:39:36.0000000	False
427	576333	448965	2017-08-15T21:39:36.0000000	False
428	576333	635976	2017-08-15T21:39:36.0000000	False
429	576333	113335	2017-08-15T21:39:36.0000000	False
430	576333	631181	2017-08-15T21:39:36.0000000	False
431	576333	50853	2017-08-15T21:39:36.0000000	False
432	576333	636169	2017-08-15T21:39:36.0000000	False
433	576333	612511	2017-08-15T21:39:36.0000000	False
434	576333	246567	2017-08-15T21:39:36.0000000	False
435	576333	569155	2017-08-15T21:39:36.0000000	False
436	576333	7305	2017-08-15T21:39:36.0000000	False
437	576333	41355	2017-08-15T21:39:36.0000000	False
438	640870	298223	2017-08-15T21:39:36.0000000	False
439	576333	619246	2017-08-15T21:39:36.0000000	False
440	640870	576759	2017-08-15T21:39:36.0000000	False
441	640870	145235	2017-08-15T21:39:36.0000000	False
442	640870	597984	2017-08-15T21:39:36.0000000	False
443	640870	90458	2017-08-15T21:39:36.0000000	True
444	640845	618757	2017-08-15T21:39:36.0000000	True
445	640704	422504	2017-08-15T21:39:35.0000000	False
446	640704	473106	2017-08-15T21:39:35.0000000	True
447	640704	10000	2017-08-15T21:39:35.0000000	False
448	640894	111331	2017-08-15T21:39:35.0000000	False
449	640704	88022	2017-08-15T21:39:35.0000000	False
450	640894	483810	2017-08-15T21:39:35.0000000	False
451	640704	211846	2017-08-15T21:39:35.0000000	False
452	629421	633624	2017-08-15T21:39:35.0000000	True
453	640845	600512	2017-08-15T21:39:35.0000000	True
454	640894	573403	2017-08-15T21:39:35.0000000	False
455	640894	561347	2017-08-15T21:39:35.0000000	False
456	640894	600265	2017-08-15T21:39:35.0000000	True
457	629421	639170	2017-08-15T21:39:33.0000000	False
458	629421	638574	2017-08-15T21:39:33.0000000	True
459	640865	414570	2017-08-15T21:39:33.0000000	False
460	640865	450138	2017-08-15T21:39:33.0000000	False
461	640865	465751	2017-08-15T21:39:33.0000000	False
462	640865	633883	2017-08-15T21:39:33.0000000	False
463	640865	608118	2017-08-15T21:39:33.0000000	False
464	640865	427307	2017-08-15T21:39:33.0000000	False
465	640865	421021	2017-08-15T21:39:33.0000000	False
466	640865	470787	2017-08-15T21:39:33.0000000	False
467	640865	613556	2017-08-15T21:39:33.0000000	False
468	640865	423956	2017-08-15T21:39:33.0000000	False
469	640865	619205	2017-08-15T21:39:33.0000000	False
470	640865	492681	2017-08-15T21:39:33.0000000	False
471	629421	636715	2017-08-15T21:39:33.0000000	False
472	629421	21583	2017-08-15T21:39:33.0000000	False
473	640896	451301	2017-08-15T21:39:33.0000000	True
474	640896	582497	2017-08-15T21:39:33.0000000	False
475	640896	459175	2017-08-15T21:39:33.0000000	False
476	640896	118134	2017-08-15T21:39:33.0000000	False
477	640896	52078	2017-08-15T21:39:33.0000000	True
478	640713	631456	2017-08-15T21:39:32.0000000	True
479	591689	531376	2017-08-15T21:39:31.0000000	False
480	591689	447062	2017-08-15T21:39:31.0000000	False
481	591689	414524	2017-08-15T21:39:31.0000000	False
482	591689	575855	2017-08-15T21:39:31.0000000	False
483	591689	488462	2017-08-15T21:39:31.0000000	False
484	591689	617293	2017-08-15T21:39:31.0000000	False
485	591689	502042	2017-08-15T21:39:31.0000000	False
486	591689	624454	2017-08-15T21:39:31.0000000	False
487	591689	486898	2017-08-15T21:39:31.0000000	False
488	591689	632554	2017-08-15T21:39:31.0000000	False
489	591689	537469	2017-08-15T21:39:31.0000000	False
490	591689	190769	2017-08-15T21:39:31.0000000	False
491	591689	495113	2017-08-15T21:39:31.0000000	False
492	591689	580369	2017-08-15T21:39:31.0000000	False
493	591689	486002	2017-08-15T21:39:31.0000000	False
494	591689	640473	2017-08-15T21:39:31.0000000	False
495	591689	481648	2017-08-15T21:39:31.0000000	False
496	640845	584779	2017-08-15T21:39:31.0000000	True
497	591689	635736	2017-08-15T21:39:31.0000000	False
498	591689	527991	2017-08-15T21:39:31.0000000	False
499	591689	498022	2017-08-15T21:39:31.0000000	False
500	591689	487978	2017-08-15T21:39:31.0000000	False
501	637843	602813	2017-08-15T21:39:31.0000000	True
502	591689	87386	2017-08-15T21:39:31.0000000	False
503	591689	640659	2017-08-15T21:39:31.0000000	True
504	640845	624256	2017-08-15T21:39:30.0000000	True
505	640845	623493	2017-08-15T21:39:30.0000000	True
506	640845	601317	2017-08-15T21:39:29.0000000	True
507	640845	597161	2017-08-15T21:39:29.0000000	True
508	590121	610830	2017-08-15T21:39:28.0000000	False
509	590121	614427	2017-08-15T21:39:28.0000000	False
510	590121	535850	2017-08-15T21:39:28.0000000	False
511	590121	621890	2017-08-15T21:39:28.0000000	False
512	590121	615737	2017-08-15T21:39:28.0000000	True
513	590121	623626	2017-08-15T21:39:28.0000000	False
514	590121	627379	2017-08-15T21:39:28.0000000	False
515	590121	635619	2017-08-15T21:39:28.0000000	False
516	590121	635694	2017-08-15T21:39:28.0000000	False
517	590121	342400	2017-08-15T21:39:28.0000000	False
518	590121	564898	2017-08-15T21:39:28.0000000	False
519	640845	578735	2017-08-15T21:39:28.0000000	True
520	590121	626235	2017-08-15T21:39:28.0000000	False
521	590121	638813	2017-08-15T21:39:28.0000000	False
522	590121	639245	2017-08-15T21:39:28.0000000	False
523	590121	640306	2017-08-15T21:39:28.0000000	False
524	640845	620263	2017-08-15T21:39:28.0000000	True
525	640896	565527	2017-08-15T21:39:28.0000000	False
526	640896	450245	2017-08-15T21:39:28.0000000	False
527	640896	569203	2017-08-15T21:39:28.0000000	False
528	640896	589538	2017-08-15T21:39:28.0000000	False
529	640896	568566	2017-08-15T21:39:28.0000000	True
530	637843	566028	2017-08-15T21:39:27.0000000	True
531	608414	635167	2017-08-15T21:39:27.0000000	False
532	608414	640103	2017-08-15T21:39:27.0000000	True
533	608414	640703	2017-08-15T21:39:27.0000000	False
534	640896	481267	2017-08-15T21:39:27.0000000	False
535	640896	494685	2017-08-15T21:39:27.0000000	False
536	640896	560566	2017-08-15T21:39:27.0000000	False
537	640896	573456	2017-08-15T21:39:27.0000000	True
538	640464	556006	2017-08-15T21:39:26.0000000	True
539	443861	630348	2017-08-15T21:39:26.0000000	True
540	608414	382780	2017-08-15T21:39:25.0000000	False
541	608414	567217	2017-08-15T21:39:25.0000000	False
542	608414	639095	2017-08-15T21:39:25.0000000	False
543	608414	639652	2017-08-15T21:39:25.0000000	False
544	608414	637814	2017-08-15T21:39:25.0000000	False
545	640845	554224	2017-08-15T21:39:25.0000000	True
546	608414	640828	2017-08-15T21:39:25.0000000	False
547	608414	639919	2017-08-15T21:39:25.0000000	True
548	639527	629574	2017-08-15T21:39:24.0000000	False
549	640845	624116	2017-08-15T21:39:24.0000000	True
550	639527	505031	2017-08-15T21:39:24.0000000	False
551	640845	584708	2017-08-15T21:39:24.0000000	True
552	639527	495140	2017-08-15T21:39:24.0000000	True
553	639058	10518	2017-08-15T21:39:23.0000000	True
554	608414	638967	2017-08-15T21:39:23.0000000	True
555	640870	378963	2017-08-15T21:39:23.0000000	True
556	639058	219897	2017-08-15T21:39:23.0000000	False
557	640896	575206	2017-08-15T21:39:23.0000000	False
558	640845	612167	2017-08-15T21:39:23.0000000	True
559	640896	471217	2017-08-15T21:39:23.0000000	True
560	640896	592649	2017-08-15T21:39:23.0000000	False
561	608414	640804	2017-08-15T21:39:22.0000000	True
562	640845	615309	2017-08-15T21:39:22.0000000	True
563	640845	635987	2017-08-15T21:39:21.0000000	True
564	640896	472099	2017-08-15T21:39:21.0000000	True
565	640896	455026	2017-08-15T21:39:21.0000000	True
566	640896	475689	2017-08-15T21:39:20.0000000	False
567	640713	634349	2017-08-15T21:39:20.0000000	True
568	640896	150826	2017-08-15T21:39:20.0000000	True
569	640845	617208	2017-08-15T21:39:19.0000000	True
570	639578	333746	2017-08-15T21:39:18.0000000	True
571	608414	637375	2017-08-15T21:39:17.0000000	True
572	608414	424317	2017-08-15T21:39:17.0000000	True
573	608414	626123	2017-08-15T21:39:16.0000000	False
574	608414	575428	2017-08-15T21:39:16.0000000	True
575	616224	555020	2017-08-15T21:39:16.0000000	True
576	639058	104444	2017-08-15T21:39:16.0000000	False
577	608414	639444	2017-08-15T21:39:16.0000000	False
578	639058	204058	2017-08-15T21:39:16.0000000	True
579	640894	508899	2017-08-15T21:39:16.0000000	False
580	616224	551558	2017-08-15T21:39:16.0000000	False
581	640894	596622	2017-08-15T21:39:16.0000000	False
582	640894	488496	2017-08-15T21:39:16.0000000	False
583	640894	610404	2017-08-15T21:39:16.0000000	True
584	640894	500708	2017-08-15T21:39:16.0000000	False
585	640894	593124	2017-08-15T21:39:16.0000000	True
586	608414	636346	2017-08-15T21:39:15.0000000	True
587	608414	542537	2017-08-15T21:39:15.0000000	False
588	640713	617207	2017-08-15T21:39:15.0000000	False
589	608414	520880	2017-08-15T21:39:15.0000000	False
590	640870	114	2017-08-15T21:39:15.0000000	False
591	640713	621353	2017-08-15T21:39:15.0000000	False
592	640870	179185	2017-08-15T21:39:15.0000000	False
593	640713	631107	2017-08-15T21:39:15.0000000	True
594	640870	440141	2017-08-15T21:39:15.0000000	False
595	640870	68710	2017-08-15T21:39:15.0000000	False
596	640870	182470	2017-08-15T21:39:15.0000000	True
597	640870	296947	2017-08-15T21:39:15.0000000	False
598	640870	116301	2017-08-15T21:39:15.0000000	False
599	629421	635975	2017-08-15T21:39:13.0000000	False
600	629421	633169	2017-08-15T21:39:13.0000000	False
601	629421	542515	2017-08-15T21:39:13.0000000	True
602	629421	625194	2017-08-15T21:39:13.0000000	False
603	640896	556162	2017-08-15T21:39:13.0000000	True
604	640896	456324	2017-08-15T21:39:13.0000000	True
605	608414	637170	2017-08-15T21:39:12.0000000	False
606	639527	555320	2017-08-15T21:39:12.0000000	True
607	608414	640001	2017-08-15T21:39:12.0000000	True
608	608414	580041	2017-08-15T21:39:12.0000000	False
609	640845	625929	2017-08-15T21:39:12.0000000	True
610	640845	598222	2017-08-15T21:39:12.0000000	True
611	639058	10589	2017-08-15T21:39:11.0000000	True
612	639058	11412	2017-08-15T21:39:11.0000000	False
613	640896	545140	2017-08-15T21:39:11.0000000	True
614	639058	32467	2017-08-15T21:39:10.0000000	False
615	640845	573427	2017-08-15T21:39:10.0000000	True
616	639058	158249	2017-08-15T21:39:10.0000000	True
617	616224	550546	2017-08-15T21:39:09.0000000	True
618	640713	619427	2017-08-15T21:39:09.0000000	False
619	640713	612957	2017-08-15T21:39:09.0000000	False
620	640713	540998	2017-08-15T21:39:09.0000000	False
621	640713	567714	2017-08-15T21:39:09.0000000	False
622	640713	632064	2017-08-15T21:39:09.0000000	False
623	640713	604236	2017-08-15T21:39:09.0000000	False
624	640713	632771	2017-08-15T21:39:09.0000000	True
625	639527	498348	2017-08-15T21:39:08.0000000	False
626	639527	303813	2017-08-15T21:39:08.0000000	False
627	639527	495595	2017-08-15T21:39:08.0000000	False
628	639527	618012	2017-08-15T21:39:08.0000000	False
629	639527	7427	2017-08-15T21:39:08.0000000	False
630	639527	629579	2017-08-15T21:39:08.0000000	False
631	639527	327665	2017-08-15T21:39:08.0000000	False
632	639527	149007	2017-08-15T21:39:08.0000000	False
633	639527	535985	2017-08-15T21:39:08.0000000	False
634	639527	590741	2017-08-15T21:39:08.0000000	False
635	639527	415509	2017-08-15T21:39:08.0000000	False
636	639527	629570	2017-08-15T21:39:08.0000000	False
637	639527	529853	2017-08-15T21:39:08.0000000	False
638	639527	416012	2017-08-15T21:39:08.0000000	False
639	639527	503106	2017-08-15T21:39:08.0000000	True
640	640845	300610	2017-08-15T21:39:08.0000000	True
641	640845	572609	2017-08-15T21:39:07.0000000	True
642	616224	560259	2017-08-15T21:39:07.0000000	True
643	640870	325883	2017-08-15T21:39:07.0000000	True
644	616224	548315	2017-08-15T21:39:07.0000000	True
645	640896	258812	2017-08-15T21:39:06.0000000	False
646	640896	575056	2017-08-15T21:39:06.0000000	False
647	640896	595915	2017-08-15T21:39:06.0000000	False
648	640896	512420	2017-08-15T21:39:06.0000000	False
649	640896	595665	2017-08-15T21:39:06.0000000	False
650	640896	561347	2017-08-15T21:39:06.0000000	False
651	640896	537833	2017-08-15T21:39:06.0000000	False
652	640896	494475	2017-08-15T21:39:06.0000000	False
653	640896	595841	2017-08-15T21:39:06.0000000	True
654	640870	258915	2017-08-15T21:39:06.0000000	True
655	616224	545839	2017-08-15T21:39:05.0000000	True
656	640845	623400	2017-08-15T21:39:04.0000000	True
657	640845	560532	2017-08-15T21:39:04.0000000	True
658	613023	364393	2017-08-15T21:39:03.0000000	False
659	613023	619239	2017-08-15T21:39:03.0000000	False
660	613023	382836	2017-08-15T21:39:03.0000000	False
661	613023	380966	2017-08-15T21:39:03.0000000	False
662	613023	640361	2017-08-15T21:39:03.0000000	True
663	613023	58140	2017-08-15T21:39:03.0000000	False
664	608414	19734	2017-08-15T21:39:02.0000000	False
665	608414	625101	2017-08-15T21:39:02.0000000	True
666	608414	614250	2017-08-15T21:39:02.0000000	False
667	608414	633272	2017-08-15T21:39:02.0000000	False
668	608414	638978	2017-08-15T21:39:02.0000000	False
669	640894	637947	2017-08-15T21:39:02.0000000	False
670	640894	622415	2017-08-15T21:39:02.0000000	False
671	640894	621196	2017-08-15T21:39:02.0000000	False
672	640894	597025	2017-08-15T21:39:02.0000000	False
673	640894	582566	2017-08-15T21:39:02.0000000	False
674	640894	369856	2017-08-15T21:39:02.0000000	False
675	640894	633622	2017-08-15T21:39:02.0000000	False
676	640894	577202	2017-08-15T21:39:02.0000000	False
677	635597	569718	2017-08-15T21:39:02.0000000	False
678	635597	169532	2017-08-15T21:39:02.0000000	False
679	635597	142063	2017-08-15T21:39:02.0000000	True
680	608414	639694	2017-08-15T21:39:02.0000000	False
681	608414	639922	2017-08-15T21:39:02.0000000	False
682	640845	603672	2017-08-15T21:39:01.0000000	True
683	576333	556972	2017-08-15T21:39:00.0000000	False
684	576333	550348	2017-08-15T21:39:00.0000000	False
685	576333	429481	2017-08-15T21:39:00.0000000	False
686	576333	283177	2017-08-15T21:39:00.0000000	False
687	576333	239314	2017-08-15T21:39:00.0000000	True
688	608414	618763	2017-08-15T21:39:00.0000000	False
689	608414	602589	2017-08-15T21:39:00.0000000	True
690	576333	625012	2017-08-15T21:39:00.0000000	False
691	576333	621327	2017-08-15T21:39:00.0000000	False
692	639578	640057	2017-08-15T21:39:00.0000000	False
693	576333	623170	2017-08-15T21:39:00.0000000	False
694	639578	601999	2017-08-15T21:39:00.0000000	True
695	576333	345674	2017-08-15T21:39:00.0000000	False
696	639578	602189	2017-08-15T21:39:00.0000000	False
697	576333	439573	2017-08-15T21:39:00.0000000	False
698	640896	604553	2017-08-15T21:39:00.0000000	True
699	576333	425038	2017-08-15T21:39:00.0000000	False
700	576333	501175	2017-08-15T21:39:00.0000000	False
701	576333	451546	2017-08-15T21:39:00.0000000	False
702	576333	547634	2017-08-15T21:39:00.0000000	False
703	576333	143773	2017-08-15T21:39:00.0000000	False
704	576333	353809	2017-08-15T21:39:00.0000000	False
705	576333	422012	2017-08-15T21:39:00.0000000	False
706	576333	581677	2017-08-15T21:39:00.0000000	False
707	576333	512732	2017-08-15T21:39:00.0000000	False
708	576333	636788	2017-08-15T21:39:00.0000000	False
709	576333	437840	2017-08-15T21:39:00.0000000	False
710	576333	437231	2017-08-15T21:39:00.0000000	False
711	576333	627754	2017-08-15T21:39:00.0000000	False
712	640870	375388	2017-08-15T21:39:00.0000000	True
713	616224	551168	2017-08-15T21:38:59.0000000	True
714	640845	624123	2017-08-15T21:38:59.0000000	True
715	640896	492442	2017-08-15T21:38:59.0000000	True
716	437168	546851	2017-08-15T21:38:58.0000000	True
717	437168	546135	2017-08-15T21:38:58.0000000	False
718	639578	591984	2017-08-15T21:38:57.0000000	False
719	608414	637152	2017-08-15T21:38:57.0000000	True
720	639578	639991	2017-08-15T21:38:57.0000000	True
721	639578	602978	2017-08-15T21:38:57.0000000	False
722	616224	548397	2017-08-15T21:38:57.0000000	True
723	639578	602117	2017-08-15T21:38:57.0000000	False
724	640896	513262	2017-08-15T21:38:57.0000000	True
725	639578	602071	2017-08-15T21:38:57.0000000	False
726	616224	559317	2017-08-15T21:38:57.0000000	True
727	616224	561739	2017-08-15T21:38:56.0000000	True
728	640845	610933	2017-08-15T21:38:56.0000000	True
729	640610	609340	2017-08-15T21:38:55.0000000	False
730	640610	132651	2017-08-15T21:38:55.0000000	False
731	640845	26886	2017-08-15T21:38:55.0000000	True
732	616224	560387	2017-08-15T21:38:55.0000000	True
733	640610	189821	2017-08-15T21:38:55.0000000	True
734	608414	640540	2017-08-15T21:38:55.0000000	True
735	640870	464413	2017-08-15T21:38:54.0000000	False
736	640870	295894	2017-08-15T21:38:54.0000000	False
737	640870	274695	2017-08-15T21:38:54.0000000	True
738	616224	640891	2017-08-15T21:38:54.0000000	True
739	608414	507133	2017-08-15T21:38:54.0000000	True
740	608414	635195	2017-08-15T21:38:53.0000000	False
741	640865	450806	2017-08-15T21:38:53.0000000	False
742	640865	487951	2017-08-15T21:38:53.0000000	False
743	640845	635940	2017-08-15T21:38:53.0000000	False
744	640865	583249	2017-08-15T21:38:53.0000000	False
745	640865	418976	2017-08-15T21:38:53.0000000	False
746	640865	522673	2017-08-15T21:38:53.0000000	False
747	640865	577355	2017-08-15T21:38:53.0000000	False
748	616224	561428	2017-08-15T21:38:53.0000000	True
749	640865	584562	2017-08-15T21:38:53.0000000	False
750	640865	467992	2017-08-15T21:38:53.0000000	False
751	640865	630477	2017-08-15T21:38:53.0000000	False
752	640865	475866	2017-08-15T21:38:53.0000000	False
753	640865	482780	2017-08-15T21:38:53.0000000	False
754	640865	583495	2017-08-15T21:38:53.0000000	False
755	640865	505022	2017-08-15T21:38:53.0000000	False
756	640865	509940	2017-08-15T21:38:53.0000000	False
757	640865	477290	2017-08-15T21:38:53.0000000	False
758	640865	450122	2017-08-15T21:38:53.0000000	False
759	640865	439474	2017-08-15T21:38:53.0000000	False
760	640865	604957	2017-08-15T21:38:53.0000000	False
761	640865	436658	2017-08-15T21:38:53.0000000	False
762	640865	586552	2017-08-15T21:38:53.0000000	False
763	640865	548843	2017-08-15T21:38:53.0000000	False
764	640865	443328	2017-08-15T21:38:53.0000000	False
765	640865	512983	2017-08-15T21:38:53.0000000	False
766	640865	313253	2017-08-15T21:38:53.0000000	False
767	640865	623107	2017-08-15T21:38:53.0000000	True
768	640865	432964	2017-08-15T21:38:53.0000000	False
769	640845	465167	2017-08-15T21:38:53.0000000	True
770	640865	549566	2017-08-15T21:38:53.0000000	False
771	629421	277146	2017-08-15T21:38:53.0000000	True
772	640865	605904	2017-08-15T21:38:53.0000000	False
773	608414	640550	2017-08-15T21:38:53.0000000	False
774	640818	586613	2017-08-15T21:38:53.0000000	True
775	608414	640851	2017-08-15T21:38:53.0000000	True
776	616224	561868	2017-08-15T21:38:52.0000000	True
777	616224	548978	2017-08-15T21:38:51.0000000	True
778	640845	611076	2017-08-15T21:38:51.0000000	True
779	640845	625425	2017-08-15T21:38:51.0000000	True
780	616224	500174	2017-08-15T21:38:51.0000000	False
781	639058	288064	2017-08-15T21:38:50.0000000	True
782	639058	7515	2017-08-15T21:38:50.0000000	False
783	639058	7384	2017-08-15T21:38:50.0000000	False
784	639058	36855	2017-08-15T21:38:50.0000000	True
785	639058	19856	2017-08-15T21:38:50.0000000	False
786	640845	631944	2017-08-15T21:38:50.0000000	True
787	639058	318699	2017-08-15T21:38:50.0000000	False
788	639058	480612	2017-08-15T21:38:50.0000000	False
789	608414	639842	2017-08-15T21:38:49.0000000	False
790	608414	636244	2017-08-15T21:38:49.0000000	False
791	640870	178075	2017-08-15T21:38:49.0000000	True
792	608414	639412	2017-08-15T21:38:49.0000000	True
793	608414	640478	2017-08-15T21:38:49.0000000	False
794	616224	547314	2017-08-15T21:38:49.0000000	True
795	616224	422195	2017-08-15T21:38:49.0000000	True
796	640713	595964	2017-08-15T21:38:48.0000000	True
797	640713	607654	2017-08-15T21:38:48.0000000	False
798	616224	559348	2017-08-15T21:38:48.0000000	True
799	616224	548893	2017-08-15T21:38:47.0000000	True
800	640870	249991	2017-08-15T21:38:47.0000000	False
801	640870	267652	2017-08-15T21:38:47.0000000	False
802	640870	181235	2017-08-15T21:38:47.0000000	True
803	635597	189185	2017-08-15T21:38:46.0000000	True
804	635597	109484	2017-08-15T21:38:46.0000000	False
805	640845	628117	2017-08-15T21:38:45.0000000	True
806	640833	91845	2017-08-15T21:38:44.0000000	True
807	640845	592015	2017-08-15T21:38:44.0000000	True
808	629421	632162	2017-08-15T21:38:43.0000000	True
809	60304	625479	2017-08-15T21:38:43.0000000	False
810	635597	103445	2017-08-15T21:38:43.0000000	False
811	60304	626347	2017-08-15T21:38:43.0000000	False
812	60304	640514	2017-08-15T21:38:43.0000000	False
813	60304	635217	2017-08-15T21:38:43.0000000	False
814	60304	640643	2017-08-15T21:38:43.0000000	False
815	60304	639932	2017-08-15T21:38:43.0000000	False
816	60304	625651	2017-08-15T21:38:43.0000000	True
817	635597	191078	2017-08-15T21:38:43.0000000	True
818	60304	640684	2017-08-15T21:38:43.0000000	False
819	60304	639637	2017-08-15T21:38:43.0000000	False
820	629421	633451	2017-08-15T21:38:42.0000000	False
821	629421	633143	2017-08-15T21:38:42.0000000	False
822	640833	371508	2017-08-15T21:38:42.0000000	True
823	629421	639527	2017-08-15T21:38:42.0000000	False
824	629421	639154	2017-08-15T21:38:42.0000000	False
825	629421	544511	2017-08-15T21:38:42.0000000	True
826	629421	639633	2017-08-15T21:38:42.0000000	False
827	629421	632293	2017-08-15T21:38:42.0000000	False
828	640845	631611	2017-08-15T21:38:40.0000000	True
829	640845	629721	2017-08-15T21:38:40.0000000	True
830	640894	564406	2017-08-15T21:38:39.0000000	False
831	640894	639879	2017-08-15T21:38:39.0000000	False
832	640894	606598	2017-08-15T21:38:39.0000000	False
833	640894	547387	2017-08-15T21:38:39.0000000	False
834	640894	624896	2017-08-15T21:38:39.0000000	False
835	640894	598024	2017-08-15T21:38:39.0000000	False
836	640894	586540	2017-08-15T21:38:39.0000000	False
837	640894	632930	2017-08-15T21:38:39.0000000	False
838	640894	552730	2017-08-15T21:38:39.0000000	False
839	640894	633170	2017-08-15T21:38:39.0000000	False
840	640894	596905	2017-08-15T21:38:39.0000000	True
841	640894	572258	2017-08-15T21:38:39.0000000	False
842	640845	633661	2017-08-15T21:38:38.0000000	True
843	60304	580622	2017-08-15T21:38:37.0000000	False
844	60304	630011	2017-08-15T21:38:37.0000000	False
845	60304	629045	2017-08-15T21:38:37.0000000	False
846	60304	624627	2017-08-15T21:38:37.0000000	False
847	60304	624987	2017-08-15T21:38:37.0000000	False
848	60304	628548	2017-08-15T21:38:37.0000000	False
849	639578	603325	2017-08-15T21:38:37.0000000	False
850	617341	580538	2017-08-15T21:38:37.0000000	True
851	639578	630077	2017-08-15T21:38:37.0000000	False
852	639578	527627	2017-08-15T21:38:37.0000000	False
853	639578	640493	2017-08-15T21:38:37.0000000	False
854	639578	334484	2017-08-15T21:38:37.0000000	True
855	639578	602284	2017-08-15T21:38:37.0000000	False
856	639578	602560	2017-08-15T21:38:37.0000000	False
857	640845	117527	2017-08-15T21:38:37.0000000	True
858	639578	602704	2017-08-15T21:38:37.0000000	False
859	639578	602042	2017-08-15T21:38:37.0000000	False
860	60304	640049	2017-08-15T21:38:37.0000000	False
861	60304	619354	2017-08-15T21:38:37.0000000	False
862	60304	573286	2017-08-15T21:38:37.0000000	False
863	60304	640481	2017-08-15T21:38:37.0000000	False
864	60304	640793	2017-08-15T21:38:37.0000000	True
865	60304	640144	2017-08-15T21:38:37.0000000	False
866	640870	217826	2017-08-15T21:38:37.0000000	False
867	640870	69050	2017-08-15T21:38:37.0000000	False
868	640870	1537	2017-08-15T21:38:37.0000000	False
869	640870	576893	2017-08-15T21:38:37.0000000	False
870	640870	121524	2017-08-15T21:38:37.0000000	True
871	640870	291053	2017-08-15T21:38:37.0000000	False
872	585856	505772	2017-08-15T21:38:36.0000000	False
873	639751	296216	2017-08-15T21:38:36.0000000	True
874	585856	618519	2017-08-15T21:38:36.0000000	False
875	640845	572565	2017-08-15T21:38:36.0000000	True
876	585856	294698	2017-08-15T21:38:36.0000000	False
877	640845	574805	2017-08-15T21:38:36.0000000	True
878	585856	347305	2017-08-15T21:38:36.0000000	False
879	585856	311744	2017-08-15T21:38:36.0000000	False
880	585856	93029	2017-08-15T21:38:36.0000000	True
881	585856	86049	2017-08-15T21:38:36.0000000	False
882	585856	595710	2017-08-15T21:38:36.0000000	False
883	591689	600537	2017-08-15T21:38:35.0000000	False
884	591689	157024	2017-08-15T21:38:35.0000000	False
885	591689	618882	2017-08-15T21:38:35.0000000	False
886	591689	633992	2017-08-15T21:38:35.0000000	False
887	591689	623900	2017-08-15T21:38:35.0000000	False
888	591689	633536	2017-08-15T21:38:35.0000000	False
889	591689	500680	2017-08-15T21:38:35.0000000	False
890	591689	492555	2017-08-15T21:38:35.0000000	False
891	591689	270702	2017-08-15T21:38:35.0000000	False
892	591689	571434	2017-08-15T21:38:35.0000000	False
893	591689	608519	2017-08-15T21:38:35.0000000	False
894	591689	498348	2017-08-15T21:38:35.0000000	True
895	591689	501125	2017-08-15T21:38:35.0000000	False
896	591689	634634	2017-08-15T21:38:35.0000000	False
897	629421	639173	2017-08-15T21:38:35.0000000	True
898	591689	335608	2017-08-15T21:38:35.0000000	False
899	640845	576456	2017-08-15T21:38:35.0000000	True
900	591689	488933	2017-08-15T21:38:35.0000000	False
901	640896	600265	2017-08-15T21:38:35.0000000	True
902	591689	501502	2017-08-15T21:38:35.0000000	False
903	591689	484739	2017-08-15T21:38:35.0000000	False
904	591689	212365	2017-08-15T21:38:35.0000000	False
905	640896	501892	2017-08-15T21:38:35.0000000	False
906	640896	576318	2017-08-15T21:38:35.0000000	False
907	640896	614362	2017-08-15T21:38:34.0000000	True
908	640845	579275	2017-08-15T21:38:33.0000000	True
909	640833	294421	2017-08-15T21:38:32.0000000	False
910	640833	33110	2017-08-15T21:38:32.0000000	False
911	640833	574737	2017-08-15T21:38:32.0000000	True
912	640833	149386	2017-08-15T21:38:32.0000000	False
913	640833	573386	2017-08-15T21:38:32.0000000	False
914	640464	577715	2017-08-15T21:38:32.0000000	False
915	640464	614679	2017-08-15T21:38:32.0000000	False
916	640464	277583	2017-08-15T21:38:32.0000000	False
917	640464	627923	2017-08-15T21:38:32.0000000	False
918	640464	44831	2017-08-15T21:38:32.0000000	False
919	640464	607313	2017-08-15T21:38:32.0000000	False
920	640464	590249	2017-08-15T21:38:32.0000000	False
921	640464	578877	2017-08-15T21:38:32.0000000	False
922	640464	314816	2017-08-15T21:38:32.0000000	False
923	640464	615276	2017-08-15T21:38:32.0000000	False
924	640464	623158	2017-08-15T21:38:32.0000000	True
925	640464	91721	2017-08-15T21:38:32.0000000	False
926	60304	624948	2017-08-15T21:38:31.0000000	True
927	60304	616339	2017-08-15T21:38:31.0000000	False
928	60304	637681	2017-08-15T21:38:31.0000000	False
929	282038	638308	2017-08-15T21:38:31.0000000	False
930	60304	579596	2017-08-15T21:38:31.0000000	False
931	282038	637385	2017-08-15T21:38:31.0000000	False
932	60304	639726	2017-08-15T21:38:31.0000000	False
933	60304	640739	2017-08-15T21:38:31.0000000	False
934	640818	587741	2017-08-15T21:38:30.0000000	False
935	640818	576656	2017-08-15T21:38:30.0000000	False
936	640818	581368	2017-08-15T21:38:30.0000000	False
937	640818	578693	2017-08-15T21:38:30.0000000	True
938	629421	639441	2017-08-15T21:38:29.0000000	True
939	282038	639688	2017-08-15T21:38:29.0000000	True
940	640713	617527	2017-08-15T21:38:29.0000000	False
941	640713	633045	2017-08-15T21:38:29.0000000	False
942	640713	611363	2017-08-15T21:38:29.0000000	True
943	282038	638389	2017-08-15T21:38:29.0000000	False
944	635597	477632	2017-08-15T21:38:28.0000000	False
945	635597	472189	2017-08-15T21:38:28.0000000	False
946	635597	188811	2017-08-15T21:38:28.0000000	False
947	635597	428539	2017-08-15T21:38:28.0000000	False
948	635597	351887	2017-08-15T21:38:28.0000000	True
949	629421	640057	2017-08-15T21:38:27.0000000	True
950	629421	542198	2017-08-15T21:38:27.0000000	False
951	629421	640534	2017-08-15T21:38:27.0000000	False
952	629421	608976	2017-08-15T21:38:27.0000000	False
953	640896	596117	2017-08-15T21:38:27.0000000	False
954	629421	640475	2017-08-15T21:38:27.0000000	False
955	629421	639482	2017-08-15T21:38:27.0000000	False
956	629421	639988	2017-08-15T21:38:27.0000000	True
